k6ps14_1.PV;k6t17.PV;k6t15.PV;k6t16.PV;k6p8.PV;k6l2.PV;k6p13.PV;k6t2_1.PV;k6f6x.PV;k0p102_1.PV;k6f6.PV;k6t6.PV;k6t14.PV;k6t3.PV
4.01;152.74;98.36;104.06;4.01;186.8;3.98;407.83;13.04;3.96;13.51;203.71;385.63;266.46
4.12;152.24;99.46;104.41;4.11;183.54;4.04;420.07;19.38;3.99;20.06;200.99;387.26;278.09
4.11;152.25;99.73;104.68;4.11;182.15;4.04;420;19.36;3.99;20.03;200.69;387.2;278
4.11;151.86;97.75;104.12;4.11;182.29;4.04;419.56;19.32;3.98;19.99;200.37;386.8;277.66
4.11;151.82;98.18;103.96;4.1;184.06;4.04;419.44;19.36;3.99;20.04;200.12;386.55;277.53
4.1;152.1;99.6;104.26;4.1;183.87;4.03;419.58;19.5;3.98;20.16;200.24;386.64;277.78
4.09;150.96;98.61;102.93;4.08;184.08;4.02;419.58;19.43;3.97;20.05;199.63;387.09;277.59
4.1;150.94;99.25;103.07;4.09;183.74;4.02;418.88;19.53;3.98;20.18;199.44;386.11;277.35
4.11;152.02;100.15;104.43;4.1;184.49;4.03;419.35;19.64;3.99;20.31;200.13;386.1;277.84
4.11;151.96;100.15;104.44;4.1;182.82;4.03;419.63;19.66;3.99;20.32;200.26;386.39;277.89
4.12;151.82;99.94;104.33;4.11;184.84;4.05;419.64;19.66;4;20.36;200.04;386.05;278.01
4.12;151.68;99.66;104;4.11;184.54;4.04;419.65;19.74;4;20.44;199.65;385.85;277.93
4.13;151.86;99.89;104.35;4.13;184.1;4.06;420.03;19.71;4.02;20.44;200.11;386.17;278.36
4.14;151.79;99.99;104.43;4.13;184.66;4.06;419.78;19.72;4.02;20.46;199.86;385.64;278.12
4.14;151.9;99.99;104.46;4.13;183.87;4.06;420.3;19.71;4.02;20.43;200.06;386.34;278.42
4.13;152.07;100.04;104.46;4.12;184.11;4.05;420.17;19.73;4.01;20.45;200.16;386.24;278.33
4.13;152.1;100.19;104.57;4.12;184.18;4.05;419.74;19.73;4.01;20.44;200.15;385.71;278.05
4.13;152.19;100.23;104.63;4.12;183.07;4.05;420.07;19.72;4.01;20.44;200.12;385.89;278.17
4.13;151.64;99.79;103.93;4.12;184.16;4.05;420.19;19.72;4.01;20.43;200.01;386.12;278.23
4.12;151.37;99.91;103.65;4.11;184.83;4.04;420.07;19.76;4;20.45;199.49;385.93;278.11
4.12;152.05;100.6;104.53;4.12;184.02;4.05;419.85;19.73;4.01;20.44;200.56;386.15;278.17
4.12;151.4;100.05;103.72;4.11;184.13;4.04;420.25;19.67;4;20.36;199.52;386.39;278
4.11;151.75;100.43;103.93;4.11;183.75;4.04;420.11;19.65;3.99;20.32;200.06;386.66;278.05
4.1;151.35;99.92;103.53;4.1;183.56;4.03;420.03;19.59;3.98;20.24;200.05;386.89;277.84
4.11;152.49;100.04;104.67;4.1;183.46;4.03;420.33;19.67;3.98;20.33;200.6;386.9;278.11
4.1;151.03;98.73;103.04;4.09;183.62;4.02;420.2;19.53;3.97;20.17;200.03;387.22;277.81
4.1;152.38;100.14;104.74;4.1;183.14;4.03;419.68;19.6;3.98;20.25;200.51;386.29;277.7
4.1;151.21;99.61;103.58;4.09;183.18;4.02;420.08;19.68;3.97;20.32;199.82;386.55;277.77
4.09;152.22;99.39;104.36;4.09;182.69;4.02;420.17;19.65;3.96;20.27;200.54;386.96;277.87
4.1;151.22;99.22;103.35;4.09;183.47;4.02;419.77;19.7;3.97;20.34;199.61;386.03;277.65
4.1;152;100;104.12;4.1;183.73;4.03;419.7;19.7;3.98;20.36;200.2;386.05;277.7
4.11;151.68;99.48;103.9;4.1;184;4.03;420.19;19.75;3.98;20.4;200.17;386.4;277.95
4.11;151.48;99.43;104.02;4.1;183.13;4.03;419.94;19.64;3.98;20.31;199.92;386.19;277.8
4.13;151.59;99.03;103.86;4.12;183.62;4.05;420.66;19.62;4;20.32;200.13;386.88;278.35
4.13;151.12;98.4;103.42;4.12;183.34;4.05;420.24;19.64;4;20.35;199.63;386.24;277.94
4.11;151.52;98.85;103.9;4.11;183.1;4.04;420.42;19.69;3.98;20.36;199.96;386.37;277.99
4.12;152.02;98.76;104.03;4.11;183.09;4.04;420.43;19.75;3.99;20.45;200.44;386.49;278.15
4.12;151.64;98.6;103.87;4.11;184.13;4.04;419.96;19.65;3.99;20.35;200.11;386.07;277.9
4.13;151.47;98.51;103.86;4.12;183.33;4.05;420.35;19.63;4;20.34;200.02;386.27;278.07
4.13;151.55;98.23;103.66;4.12;184.05;4.05;420.41;19.67;3.99;20.37;199.98;386.33;278
4.12;151.78;99.37;104.16;4.12;183.7;4.05;420.41;19.69;3.99;20.39;200.51;386.22;278.13
4.12;153.22;100.72;105.77;4.11;183.23;4.04;420.41;19.65;3.99;20.34;201.13;386.46;278.21
4.11;152.11;97.58;104.22;4.11;182.3;4.04;420.62;19.77;3.97;20.45;200.51;386.51;277.92
4.11;151.49;96.37;103.5;4.1;181.9;4.03;420.55;19.6;3.97;20.25;200.25;386.99;277.68
4.11;151.75;96.92;103.93;4.1;183.77;4.03;420.27;19.74;3.97;20.4;200.1;386.2;277.61
4.11;152.04;97.72;104.23;4.1;183.53;4.04;419.99;19.68;3.98;20.36;200.6;386.28;277.69
4.11;150.82;97.76;103.18;4.1;183.16;4.03;419.98;19.62;3.98;20.28;199.49;386.21;277.56
4.11;151.26;98.12;103.45;4.1;183.47;4.03;420.29;19.7;3.98;20.36;199.56;386.27;277.76
4.11;152.12;99.02;104.41;4.11;182.73;4.04;419.97;19.65;3.99;20.32;200.4;386.33;277.8
4.1;151.97;98.8;103.97;4.1;183.23;4.03;420.24;19.73;3.97;20.39;200.38;386.49;277.96
4.1;151.08;98.01;103.17;4.1;183.71;4.03;419.81;19.64;3.98;20.3;199.73;386.18;277.56
4.1;151.69;99.13;103.97;4.1;184.23;4.03;419.21;19.68;3.98;20.35;199.98;385.58;277.41
4.09;151.66;98.95;103.99;4.09;183.83;4.02;419.49;19.69;3.97;20.33;200.09;386.18;277.59
4.1;151.57;99.11;103.71;4.09;183.47;4.02;419.37;19.71;3.97;20.35;199.86;385.85;277.5
4.1;151.85;99.21;103.81;4.09;183.63;4.02;419.7;19.73;3.97;20.36;200.01;386.24;277.65
4.11;152.14;99.46;104.39;4.1;183.84;4.03;419.73;19.71;3.98;20.38;200.43;386.07;277.83
4.11;151.31;98.51;103.33;4.1;182.98;4.03;419.57;19.68;3.98;20.34;199.73;385.96;277.59
4.11;152.31;99.64;105.1;4.1;183.75;4.04;420.19;19.63;3.98;20.3;200.25;386.48;278.06
4.11;150.8;98.46;103.6;4.11;183.45;4.04;420.49;19.56;3.99;20.23;199.11;386.75;278
4.1;151.11;98.9;103.54;4.1;184.31;4.03;420.23;19.65;3.98;20.3;199.25;386.48;277.9
4.12;151;98.75;103.44;4.11;185.93;4.05;420.81;19.61;4;20.3;199.2;387.05;278.39
4.13;150.53;98.63;103.21;4.13;185.35;4.06;420.84;19.56;4.01;20.27;198.97;386.79;278.34
4.13;150.95;99.08;103.68;4.13;184.23;4.06;421.31;19.58;4.01;20.28;199.46;387.22;278.61
4.12;151.01;97.74;103.54;4.12;182.91;4.05;420.6;19.54;4;20.23;199.27;386.8;278.12
4.12;150.63;98.27;103.15;4.11;183.72;4.04;421.1;19.51;4;20.18;199.45;387.77;278.46
4.12;150.82;100.2;103.34;4.12;182.88;4.05;420.87;19.51;4.01;20.18;199.29;387.12;278.43
4.12;150.86;100.45;103.64;4.11;183.71;4.04;420.98;19.52;4;20.19;199.75;387.43;278.55
4.11;150.59;100.18;103.22;4.1;182.46;4.03;420.39;19.43;3.99;20.08;199.15;387.19;278.03
4.12;150.82;100.43;103.36;4.11;182.43;4.04;420.3;19.42;4;20.09;199.53;387;278.18
4.13;151.12;100.57;103.69;4.12;183.23;4.05;420.32;19.42;4.01;20.13;199.56;386.97;278.28
4.13;151.61;100.89;103.82;4.12;183.12;4.06;420.22;19.48;4.02;20.19;200.02;387.13;278.45
4.12;151.79;101.26;104.26;4.12;183.47;4.05;420.24;19.45;4.01;20.14;200.63;387.15;278.46
4.11;150.9;100.3;103.01;4.1;182.53;4.04;420.06;19.45;4;20.11;199.68;387.26;278.13
4.12;151.48;100.91;103.65;4.11;182.74;4.04;419.41;19.44;4;20.13;200.17;386.5;277.88
4.11;152.21;101.28;104.33;4.11;182.08;4.04;420.15;19.41;4;20.09;200.74;387.37;278.35
4.1;151.16;100.38;103.06;4.1;181.59;4.03;419.45;19.44;3.99;20.1;199.87;386.76;277.76
4.12;152.04;101.37;104.26;4.12;182.24;4.05;419.16;19.33;4.01;20.03;200.74;386.31;277.95
4.11;151.6;100.66;103.78;4.11;181.56;4.04;419.99;19.36;4;20.03;200.55;387.26;278.24
4.11;150.75;100.35;103.04;4.1;183.84;4.03;420.08;19.36;4;20.01;200.16;387.49;278.18
4.1;151.1;100.18;103.04;4.1;183.7;4.03;420.07;19.44;3.99;20.09;199.72;387.33;278.07
4.11;151.56;100.84;103.76;4.1;184.32;4.04;420.21;19.47;3.99;20.14;200.49;387.51;278.27
4.11;151.94;100.79;104.14;4.1;183.23;4.03;420.61;19.52;3.99;20.17;200.52;387.68;278.37
4.11;151.94;100.86;104.24;4.11;183.23;4.04;420.69;19.66;3.99;20.33;200.57;387.39;278.41
4.12;151.69;100.62;104.09;4.11;183.59;4.04;420.6;19.68;4;20.35;200.26;386.95;278.27
4.13;151.81;100.89;104.42;4.12;182.74;4.05;421.16;19.75;4.01;20.44;200.57;387.26;278.74
4.13;151.67;100.99;104.38;4.12;183.9;4.05;420.74;19.73;4.01;20.43;199.97;386.85;278.52
4.13;152.04;101.13;104.61;4.12;183.97;4.05;419.99;19.72;4.01;20.44;199.81;385.94;278.3
4.14;152.54;101.53;105.07;4.13;183.04;4.06;418.34;19.71;4.02;20.47;199.61;384.07;277.42
4.13;151.88;101.11;104.67;4.13;184.61;4.06;418.48;19.69;4.01;20.43;199.1;383.92;277.37
4.13;152.26;101.51;104.87;4.13;183.59;4.06;418.58;19.8;4.01;20.55;199.31;383.44;277.41
4.12;152.72;101.65;105.24;4.11;182.86;4.04;418.05;19.73;4;20.45;199.46;383.87;277.24
4.12;152.46;101.92;105.12;4.11;183.41;4.04;418.31;19.72;4.01;20.44;199.46;383.92;277.37
4.12;152.8;102.21;105.62;4.11;182.58;4.04;418.08;19.75;4;20.47;199.81;384;277.39
4.13;152.82;102.33;105.82;4.12;182.74;4.05;417.78;19.69;4.01;20.43;199.59;383.39;277.26
4.13;151.46;101.1;104.08;4.12;184.05;4.05;417.83;19.57;4.01;20.31;198.74;384.43;277.36
4.12;151.32;100.67;103.79;4.11;183.45;4.04;416.6;19.54;4.01;20.27;198.25;383.1;276.64
4.12;152.34;101.26;104.68;4.11;182.72;4.04;416.12;19.56;4.01;20.3;199.13;382.48;276.44
4.11;152.12;101.42;104.91;4.11;183.15;4.04;416.28;19.47;4;20.19;199.03;383.07;276.49
4.12;151.79;100.52;104.04;4.11;183.34;4.04;416.41;19.41;4.01;20.15;198.79;383.49;276.57
4.12;152.11;100.73;104.52;4.11;184.74;4.04;416.22;19.32;4.01;20.04;199.43;383.47;276.6
4.11;152.41;101;104.94;4.11;183.07;4.04;415.99;19.45;4;20.18;199.26;383.1;276.42
4.1;151.81;100.3;104.29;4.1;183.61;4.03;416.49;19.46;3.99;20.15;198.83;383.59;276.43
4.11;151.9;100.37;104.27;4.1;183.97;4.03;416.79;19.55;3.99;20.25;199.31;383.43;276.53
4.1;151.72;99.89;104.07;4.09;183.29;4.02;417.27;19.6;3.98;20.28;198.9;383.88;276.47
4.1;151.21;99.72;103.88;4.09;184.51;4.03;418.08;19.66;3.98;20.33;199.04;384.64;276.83
4.1;151.3;99.5;103.69;4.1;184.28;4.03;419.46;19.74;3.98;20.41;199.44;385.84;277.49
4.12;152.63;100.8;105.3;4.11;183.93;4.04;420.07;19.8;3.99;20.49;200.7;386.11;278.05
4.11;152.08;99.97;104.67;4.11;183.49;4.04;421.16;19.96;3.99;20.64;200.12;386.74;278.33
4.14;151.46;99.41;104.03;4.13;183.84;4.06;420.92;20.01;4.01;20.74;199.48;385.96;278.33
4.14;151.95;99.72;104.42;4.13;184.24;4.06;421.75;19.97;4.01;20.69;200.41;387.21;278.86
4.13;151.8;100.02;104.52;4.13;183.39;4.06;420.93;19.96;4.01;20.67;200.05;386.25;278.44
4.13;152.02;100.5;104.87;4.13;183.62;4.06;421.07;19.92;4.01;20.64;200.35;386.49;278.61
4.13;152.77;100.72;105.28;4.12;183.01;4.05;420.98;20;4;20.71;200.64;386.35;278.55
4.14;152.3;100.44;104.88;4.13;183.21;4.06;421.07;19.95;4.01;20.68;200.44;386.43;278.61
4.13;152.04;100.4;104.62;4.13;182.82;4.06;420.61;19.92;4.01;20.65;200.28;386.14;278.43
4.13;152.67;100.99;105.4;4.13;183.46;4.06;421.06;19.9;4.01;20.61;201.16;386.43;278.79
4.13;152.61;101.17;105.5;4.12;183.44;4.05;421.02;19.93;4;20.63;200.33;386.39;278.76
4.12;152.34;101.1;105.31;4.12;183.07;4.05;418.27;19.86;4;20.58;199.3;383.44;277.25
4.14;152.47;100.85;105.18;4.13;183.96;4.06;417.15;19.74;4.02;20.53;198.7;382.29;276.72
4.13;151.97;100.32;104.66;4.13;182.75;4.06;417.45;19.82;4.01;20.59;198.66;383.01;276.76
4.13;152.34;100.74;104.88;4.12;183.52;4.05;416.62;19.79;4;20.55;199.14;382.37;276.48
4.12;152.15;100.5;105.05;4.12;183.13;4.05;416.03;19.73;3.99;20.5;198.45;381.29;275.86
4.13;152.27;99.46;104.97;4.12;181.4;4.05;415.49;19.63;4;20.41;198.42;381.01;275.49
4.12;151.91;98.84;104.57;4.11;182.94;4.05;417.19;19.63;3.99;20.37;198.71;383.13;276.34
4.12;152.49;99.68;104.9;4.11;182.91;4.04;417.72;19.71;3.99;20.44;199.69;383.57;276.66
4.13;152.41;99.09;105.05;4.12;182.46;4.05;419.14;19.59;4;20.32;200.14;385.37;277.47
4.12;151.89;99.27;104.52;4.11;182.42;4.04;419.29;19.7;3.99;20.4;199.92;385.59;277.39
4.12;151.22;98.72;103.76;4.11;184.46;4.04;419.22;19.69;3.98;20.38;199.39;385.46;277.24
4.1;152;99.8;104.65;4.1;183.56;4.03;419.5;19.86;3.97;20.53;199.43;385.23;277.25
4.11;151.22;98.93;103.52;4.11;183.16;4.04;419.81;19.96;3.98;20.65;199.06;385.61;277.46
4.13;150.7;98.78;103.36;4.12;184.97;4.05;420.48;19.93;3.99;20.64;198.99;385.89;277.8
4.13;151.03;98.97;103.89;4.12;183.45;4.05;420.01;20.05;3.99;20.77;198.67;384.7;277.44
4.12;150.79;98.74;103.61;4.11;183.49;4.04;420.83;20.14;3.98;20.84;198.5;385.49;277.74
4.14;151.06;98.69;103.65;4.13;185.5;4.06;420.98;20.2;4;20.93;198.54;385.15;278
4.15;151.08;98.78;103.96;4.14;183.85;4.07;421.33;20.18;4.01;20.93;198.8;385.18;278.19
4.14;150.8;98.95;103.92;4.13;184.9;4.06;420.9;20.12;4;20.86;198.66;385.16;278.03
4.13;151.42;99.11;104.25;4.12;184.06;4.05;420.44;20.14;4;20.86;198.8;384.68;277.85
4.14;151.91;99.37;104.86;4.13;184.32;4.06;420.62;20.17;4.01;20.92;199.19;384.91;278.08
4.13;151.86;99.41;104.69;4.12;183.01;4.05;420.38;20.16;4;20.89;199.18;384.75;277.9
4.13;151.78;99.44;104.71;4.12;184.32;4.05;419.94;20.06;4;20.79;199.32;384.71;277.73
4.13;151.59;99.69;104.33;4.12;185.14;4.05;420.58;20.08;4;20.81;199.13;385.24;278.04
4.13;151.37;99.88;104.17;4.13;184.1;4.06;419.82;20.05;4.01;20.78;198.83;384.67;277.73
4.14;151.92;100.06;104.57;4.13;183.7;4.06;420.29;20.03;4.01;20.77;199.55;385.04;278.04
4.13;152.92;100.8;105.74;4.12;183.07;4.05;420.12;20.04;3.99;20.75;200.3;384.59;277.86
4.13;152.21;99.3;104.84;4.12;183.07;4.05;419.89;19.98;3.99;20.69;199.83;385.03;277.73
4.11;151.83;98.72;104.19;4.11;181.4;4.04;418.91;19.86;3.98;20.56;199.26;384.61;277.21
4.11;151.66;99.72;104.08;4.11;183.81;4.04;419.34;19.79;3.98;20.48;199.65;385.6;277.53
4.11;152.52;100.39;104.95;4.1;183.59;4.03;418.75;19.82;3.98;20.51;200.12;384.74;277.26
4.12;152.59;100.57;105.28;4.11;183.05;4.04;418.94;19.85;3.99;20.56;200.29;384.74;277.36
4.11;152.3;100.26;104.71;4.1;183.53;4.04;419.91;19.74;3.99;20.42;200.57;386.19;277.87
4.11;151.92;99.9;104.12;4.1;183.77;4.03;421.36;19.88;3.98;20.52;200.45;387.24;278.3
4.09;151.25;99.53;104;4.09;183.61;4.02;421.47;19.73;3.97;20.35;200.18;387.7;278.17
4.1;149.58;98.66;104.41;4.09;185.46;4.02;427.28;19.97;3.97;20.5;198.95;388.22;282.24
4.11;147.95;97.84;104.32;4.1;187.47;4.03;430.05;19.99;3.98;20.52;197.93;388.3;284.75
4.12;148.07;97.78;104.52;4.12;187.18;4.05;430.27;20.05;3.99;20.61;197.97;388.42;284.93
4.13;147.88;97.78;104.55;4.12;188.56;4.05;430.16;20.15;3.99;20.72;197.52;387.92;284.77
4.13;147.81;97.21;104.22;4.13;188.27;4.05;430.05;20.18;4;20.77;197.5;387.57;284.68
4.13;148.69;97.95;104.45;4.12;187.53;4.05;427.77;20.1;4;20.71;198.54;387.16;283.52
4.14;151.78;99.09;104.46;4.13;184.59;4.06;421.35;20.08;4;20.81;200.16;386.34;278.47
4.13;151.18;98.92;103.69;4.13;184.79;4.05;421.8;20.11;4;20.82;199.59;386.83;278.52
4.13;152.44;99.61;104.74;4.12;183.81;4.05;421.04;20.07;4;20.78;200.58;386.44;278.49
4.13;151.49;99.52;103.93;4.12;184.07;4.05;421.16;19.96;4;20.67;200.11;386.91;278.45
4.13;151.85;99.69;104.38;4.12;183.26;4.05;420.45;20.05;4;20.77;199.99;385.54;278.09
4.13;151.91;99.76;104.59;4.12;184.16;4.05;421.15;20.05;4;20.75;200.28;386.49;278.48
4.13;151.83;99.76;104.35;4.12;183.48;4.05;420.97;19.96;4;20.66;200.05;386.7;278.3
4.13;151.82;99.72;104.2;4.12;184.18;4.05;421.14;19.98;4;20.69;200.13;386.55;278.42
4.13;152.02;100.03;104.56;4.13;182.9;4.06;421.19;19.94;4.01;20.66;200.33;386.7;278.52
4.13;151.77;99.96;104.08;4.13;183.84;4.06;421.77;19.91;4;20.61;200.35;387.52;278.79
4.12;151.49;99.34;103.77;4.11;183.39;4.04;421.15;19.83;3.99;20.51;200.16;387.19;278.36
4.13;151.81;99.74;103.89;4.12;182.99;4.05;420.68;19.89;4;20.59;200.33;386.79;278.4
4.13;151.51;99.74;103.82;4.13;184.52;4.06;420.45;19.78;4.01;20.49;200.18;386.44;278.34
4.14;151.61;99.85;103.9;4.13;183.38;4.06;420.94;19.75;4.02;20.47;200.15;387.14;278.61
4.13;150.76;99.82;103.19;4.12;184.56;4.05;420.5;19.66;4.01;20.37;199.51;387.02;278.22
4.13;151.46;99.84;103.65;4.13;183.32;4.06;420.35;19.72;4.01;20.44;199.99;386.46;278.2
4.13;151.74;99.39;103.63;4.12;183;4.05;419.92;19.57;4.01;20.28;200.27;386.81;278.01
4.12;151.99;100.63;104.15;4.11;183.67;4.04;419.73;19.62;4;20.32;200.54;386.42;277.84
4.11;152.52;101.09;104.96;4.1;181.97;4.03;419.27;19.73;3.99;20.41;200.81;385.52;277.48
4.11;152.12;100.71;104.59;4.1;181.88;4.04;419.61;19.71;3.99;20.39;200.37;385.97;277.73
4.12;152.17;100.59;104.46;4.12;182.52;4.05;420.5;19.94;4;20.63;200.33;386.19;278.17
4.11;152.11;100.36;104.25;4.11;181.41;4.04;420.09;19.82;3.99;20.48;200.51;386.41;277.86
4.12;151.66;100.34;104.03;4.12;182.52;4.05;420.39;19.86;4;20.57;200.23;386.26;278.06
4.11;151.76;100.47;104.14;4.1;182.38;4.03;419.77;19.82;3.98;20.49;200.09;385.93;277.62
4.12;152.57;101.07;104.8;4.11;182.55;4.04;419.95;19.9;3.99;20.6;200.62;385.88;277.93
4.12;151.99;100.66;104.43;4.12;182.11;4.05;419.89;19.8;4;20.51;200.16;385.94;277.93
4.12;151.95;100.88;104.4;4.11;182.54;4.04;420.13;19.82;3.99;20.5;200.44;386.46;278.12
4.12;152.6;101.44;104.97;4.11;181.86;4.04;419.78;19.87;3.99;20.57;200.29;385.46;277.85
4.11;151.89;100.5;104.18;4.1;182.29;4.03;420.03;19.88;3.99;20.55;200.18;386;277.83
4.12;151.62;100.29;103.69;4.11;182.18;4.04;419.55;19.76;3.99;20.46;199.94;385.94;277.76
4.12;152.12;100.86;104.37;4.12;182.22;4.05;419.72;19.87;4;20.57;200.17;385.9;277.95
4.12;151.97;101.04;104.15;4.11;181.56;4.04;418.73;19.82;4;20.54;199.74;384.78;277.36
4.11;152.9;101.77;105.31;4.1;182.12;4.03;417.72;19.75;3.99;20.46;199.99;384.03;276.86
4.11;151.9;101.09;104.17;4.1;181.83;4.03;417.84;19.84;3.99;20.54;199.04;383.71;276.68
4.12;152.28;101.41;104.63;4.12;181.5;4.04;418.1;19.84;4;20.57;199.6;383.83;277.08
4.12;152.4;101.27;104.48;4.11;182.98;4.04;417.26;19.7;4;20.43;199.71;383.63;276.66
4.11;152.22;101.26;104.49;4.11;182.21;4.04;417.2;19.71;3.99;20.43;199.53;383.58;276.56
4.11;152.3;101.18;104.49;4.11;182.32;4.04;417.6;19.69;3.99;20.4;199.52;384.17;276.73
4.11;152.07;100.84;104.19;4.1;183.14;4.03;417.14;19.68;3.99;20.39;199.53;383.77;276.49
4.11;152.21;101.04;104.43;4.1;181.5;4.04;417.29;19.66;3.99;20.37;199.89;384.09;276.52
4.1;152.3;101.03;104.66;4.1;183.22;4.03;417.57;19.79;3.98;20.49;199.79;383.89;276.51
4.09;152.32;100.75;104.43;4.09;182.33;4.02;417.5;19.76;3.97;20.43;199.77;384.19;276.41
4.1;152.33;100.92;104.69;4.1;182.54;4.03;418.11;19.98;3.98;20.66;199.74;383.83;276.67
4.1;152.02;100.58;104.38;4.09;182.87;4.02;418.22;19.91;3.97;20.59;199.38;384.09;276.6
4.1;152.62;100.87;104.85;4.1;181.93;4.02;418.61;19.99;3.97;20.67;199.75;384.4;276.84
4.11;151.84;100.38;104.14;4.1;183.44;4.03;419.07;20.14;3.98;20.82;199.16;383.79;276.89
4.12;152.17;100.7;104.65;4.11;182.68;4.04;419.23;20.1;3.99;20.8;199.53;384.17;277.1
4.12;152.39;100.82;104.7;4.11;182.26;4.04;419.35;20.08;3.99;20.8;199.58;384.34;277.24
4.12;152.13;100.97;104.62;4.11;182.46;4.04;419.09;20.1;3.99;20.81;199.36;383.99;277.12
4.11;152.63;101.42;105.1;4.11;181.95;4.04;419.37;20.14;3.99;20.84;199.76;384.2;277.29
4.11;152.55;101.21;105.01;4.1;182.21;4.03;418.67;20;3.98;20.7;199.51;383.91;276.84
4.12;152.11;101.06;104.62;4.12;182.39;4.05;419.37;20.1;4;20.82;199.32;384.15;277.32
4.12;152.1;100.89;104.45;4.11;181.89;4.04;418.94;19.97;4;20.7;199.26;384.36;277.15
4.13;152.29;101.02;104.48;4.12;183.41;4.05;419.16;19.98;4;20.71;199.76;384.58;277.43
4.13;152.57;101.35;105.09;4.12;182.26;4.05;418.32;19.9;4;20.64;199.66;383.72;277.02
4.12;151.9;101.03;104.64;4.12;182.48;4.05;418.5;19.9;4;20.62;199.27;384.05;277.06
4.13;152.37;101.03;104.73;4.12;182.92;4.05;418.58;19.87;4;20.61;199.51;384.48;277.2
4.13;152.6;100.99;105.07;4.12;182.52;4.05;418.23;19.84;4;20.58;199.74;384.04;276.95
4.11;151.64;99.95;103.86;4.11;182.85;4.04;418.19;19.8;3.99;20.5;199.12;384.13;276.71
4.13;151.74;100.19;103.92;4.12;182.61;4.05;418.45;19.84;4;20.58;199.66;384.35;276.93
4.13;152.21;100.43;104.59;4.12;183.33;4.05;418.02;19.65;4;20.4;199.94;384.36;276.81
4.12;151.56;99.91;103.74;4.12;183.98;4.05;417.97;19.68;4;20.42;199.34;384.38;276.59
4.11;154.3;102.06;104.88;4.1;182.08;4.04;414.16;19.7;3.99;20.46;201.63;384.46;274.56
4.11;153.35;101.76;104.47;4.11;182.44;4.04;414.74;19.73;3.99;20.48;200.37;383.78;275.86
4.13;156.45;104.29;103.2;4.12;179.67;4.05;415.31;20.52;4;21.32;204.57;390.04;273.95
4.14;157.18;105.73;104.54;4.13;178.44;4.05;417.23;21.07;4;21.88;205.1;390.41;274.79
4.13;157.14;105.96;104.41;4.12;179.25;4.04;417.63;21.13;3.99;21.91;205.22;390.84;274.83
4.14;156.88;106.1;104.67;4.13;179.75;4.05;418.33;21.35;3.99;22.15;204.99;390.58;274.97
4.14;156.71;105.48;104.22;4.14;179.36;4.06;418.79;21.29;4;22.1;204.6;391.09;275.08
4.13;156.1;104.76;103.29;4.13;178.83;4.05;418.21;21.36;3.99;22.15;204.17;390.52;274.69
4.13;156.33;105.43;103.71;4.12;178.59;4.04;418.32;21.42;3.98;22.19;204.59;390.45;274.79
4.13;156.05;105.26;103.71;4.13;178.87;4.05;418.9;21.37;3.99;22.14;204.27;391.03;275.06
4.14;156.2;105.01;103.34;4.13;177.92;4.05;418.76;21.39;3.99;22.18;204.29;390.98;275.07
4.13;156.4;105.63;103.83;4.13;178.83;4.05;418.4;21.37;3.99;22.15;204.51;390.58;274.91
4.13;156.7;106.4;104.43;4.13;179.53;4.05;418.43;21.35;3.99;22.13;204.56;390.78;275.03
4.13;157.07;106.6;104.5;4.12;180.01;4.04;418.63;21.46;3.99;22.23;204.79;391.03;275.13
4.14;157.1;106.38;104.46;4.13;178.11;4.05;417.72;21.32;4;22.12;205.07;390.33;274.98
4.14;157.02;106.55;104.62;4.13;179.31;4.05;419.52;21.38;4;22.17;205.38;391.75;275.66
4.13;156.64;105.94;104.01;4.12;179.78;4.04;420.5;21.23;3.99;21.96;205.59;393.64;275.92
4.13;157.3;106.59;104.74;4.13;177.76;4.05;418.9;21.32;3.99;22.09;205.14;391.45;275.29
4.15;156.8;106.07;104.18;4.14;179.66;4.06;418.37;21.32;4.01;22.15;204.72;390.68;275.23
4.13;155.93;104.84;103.21;4.12;180.04;4.04;418.19;21.16;3.98;21.93;204.59;391.36;274.95
4.13;156.91;104.32;104.45;4.12;179.74;4.04;418.14;21.19;3.98;21.96;204.8;390.77;274.89
4.13;156.31;103.46;103.47;4.12;177.89;4.04;417.97;21.18;3.98;21.95;204.67;391;274.79
4.13;156.74;104.06;103.67;4.12;179.49;4.04;417.67;21.18;3.98;21.95;204.87;390.71;274.72
4.13;155.9;104.84;103.43;4.12;179.6;4.04;418.54;21.21;3.98;21.97;204.5;391.37;275.02
4.13;156.44;103.62;103.54;4.12;179.06;4.04;417.98;21.16;3.98;21.93;204.65;390.96;274.77
4.13;156.96;104.41;104.03;4.12;178.13;4.04;418.14;21.15;3.98;21.92;205.21;391.27;274.91
4.12;155.35;103.31;102.42;4.12;179.51;4.04;417.97;21.16;3.98;21.91;204.12;391.24;274.6
4.13;156.61;104.95;103.97;4.12;179.54;4.04;418.17;21.08;3.98;21.84;204.84;391.42;274.91
4.13;157;104.84;104.17;4.12;178.94;4.04;418.82;21.21;3.98;21.97;205.25;391.88;275.13
4.12;156.57;105.33;103.57;4.11;180.03;4.03;418.55;21.32;3.97;22.05;205.05;391.73;274.93
4.12;156.27;105.68;103.87;4.11;180.46;4.03;418.32;21.4;3.97;22.15;204.43;390.88;274.83
4.13;156.51;105.63;103.76;4.12;179.22;4.04;418.89;21.57;3.98;22.33;204.19;390.91;275.05
4.15;156.56;105.78;104.07;4.15;180.5;4.07;419.23;21.42;4.01;22.24;205.02;391.43;275.48
4.14;155.86;105.24;103.39;4.13;179.72;4.05;419.49;21.51;3.99;22.28;204.07;391.51;275.28
4.14;156.4;105.36;103.5;4.13;180.52;4.05;419.36;21.45;3.99;22.22;204.35;391.65;275.27
4.13;155.92;105.25;103.17;4.13;180.53;4.04;419.17;21.49;3.99;22.27;204.2;391.55;275.2
4.14;156.13;105.51;103.39;4.13;179.95;4.05;418.87;21.37;3.99;22.15;204.65;391.47;275.16
4.14;156.61;106.06;104.15;4.13;180.3;4.05;419;21.46;3.99;22.25;204.81;391.29;275.34
4.13;155.83;105.22;103.23;4.13;180.9;4.05;419.07;21.31;3.99;22.08;204.12;391.59;275.2
4.14;156.25;105.34;103.57;4.13;180.61;4.05;418.81;21.43;3.99;22.22;204.2;390.95;275.24
4.14;156.99;105.42;104.29;4.13;180.33;4.05;418.88;21.3;3.99;22.09;205.1;391.54;275.36
4.14;156.88;106;104.18;4.13;180.1;4.05;418.87;21.29;4;22.08;205.21;391.61;275.42
4.14;156.6;105.77;104.09;4.13;180.68;4.05;418.51;21.23;3.99;22.02;205.04;391.19;275.23
4.14;157.28;105.5;104.77;4.13;178.4;4.06;418.5;21.19;3.99;21.99;205.21;391.24;275.27
4.13;157.15;105.22;104.11;4.12;179.6;4.05;418.58;21.18;3.98;21.95;205.44;391.72;275.25
4.14;156.67;104.74;103.82;4.13;178.51;4.05;418.72;21.18;3.99;21.98;205.17;391.49;275.23
4.13;156.86;104.79;104.09;4.13;179.32;4.05;418.41;21.13;3.98;21.92;205.29;391.14;275.03
4.13;156.84;104.76;104.21;4.12;178.61;4.05;418.83;21.19;3.98;21.95;205.56;391.75;275.15
4.12;156.81;104.56;103.99;4.12;178.54;4.04;418.24;21.14;3.97;21.9;205.05;391.04;274.85
4.12;157.15;104.1;104.1;4.12;179.28;4.04;418.65;21.07;3.97;21.83;205.68;391.79;275.01
4.12;157.38;105.46;104.56;4.11;178.28;4.03;418.17;21.2;3.97;21.94;205.25;391.17;274.81
4.12;157.14;105.53;104.06;4.11;178.69;4.03;418.46;21.32;3.97;22.07;205.32;391.34;275.04
4.13;156.35;104.96;103.73;4.12;180.15;4.04;417.97;21.21;3.98;21.98;204.81;390.75;274.84
4.13;156.52;104.9;103.82;4.12;179.17;4.04;418.23;21.22;3.98;21.98;204.47;391.07;274.89
4.14;156.97;105.14;104.05;4.13;179.87;4.05;418.87;21.33;3.99;22.12;205;391.38;275.24
4.13;156.75;104.95;103.9;4.12;178.58;4.04;418.09;21.25;3.98;22.03;205.02;391.05;274.97
4.14;156.14;104.62;103.47;4.13;179.9;4.05;418.85;21.31;3.99;22.11;204.28;391.18;275.15
4.14;156.26;104.42;103.52;4.13;180.8;4.05;418.55;21.29;3.99;22.09;204.16;390.84;275.05
4.14;156.51;104.82;103.73;4.13;180.03;4.05;418.89;21.39;3.99;22.17;204.55;391.16;275.13
4.13;157.02;104.99;104.08;4.13;178.8;4.05;417.75;21.28;3.98;22.07;204.92;390.42;274.88
4.13;156.74;104.95;104.06;4.13;179.02;4.05;417.67;21.25;3.99;22.05;204.74;390.25;274.85
4.14;156.48;104.97;103.92;4.13;180.71;4.05;418.55;21.24;3.99;22.04;204.49;391.24;275.25
4.14;156.93;104.89;104.03;4.13;179.61;4.05;417.98;21.09;3.99;21.89;204.99;391.3;275.13
4.14;156.31;105.22;103.43;4.14;179.92;4.06;417.21;21.18;4;22;204.22;390.21;274.83
4.14;157.14;106.45;104.52;4.13;179.47;4.05;417.01;21.14;4;21.96;204.91;389.93;274.86
4.14;157.22;106.85;104.94;4.13;178.99;4.05;417.25;21.03;4.01;21.83;204.65;390.24;274.95
4.14;156.86;106.18;104.09;4.13;178.53;4.05;417.27;21.11;4;21.92;204.55;390.31;274.83
4.13;155.66;105.55;103.1;4.13;180.15;4.05;417.6;21.11;4;21.9;203.78;390.67;274.92
4.14;156.46;106.22;103.83;4.13;180.55;4.05;417;21.01;4;21.82;204.09;389.99;274.69
4.14;157.04;105.63;104.23;4.13;179.29;4.05;418.2;21.14;3.99;21.94;204.67;391.19;275.19
4.14;156.46;102.26;103.66;4.13;179.34;4.05;417.16;20.93;3.99;21.74;204.65;390.4;274.59
4.12;156.58;104.99;103.77;4.11;179.92;4.04;417.1;20.96;3.98;21.72;204.65;391.02;274.68
4.13;156.01;105.12;103.46;4.13;180.4;4.05;416.88;20.91;3.99;21.71;204.12;390.2;274.66
4.14;156.53;103.98;103.87;4.14;179.64;4.06;417.5;20.93;4;21.74;204.35;390.94;274.94
4.14;157.16;103.31;104.22;4.13;178.32;4.05;416.35;20.88;3.99;21.7;204.78;389.83;274.49
4.12;156.61;105;103.86;4.12;178.27;4.04;416.41;20.82;3.99;21.6;204.52;390.36;274.5
4.11;156.66;105.84;103.6;4.1;178.55;4.02;416.32;21.02;3.97;21.75;204.53;390.03;274.27
4.12;156.92;106.48;104.13;4.11;179.14;4.03;416.05;20.98;3.98;21.75;204.84;389.94;274.34
4.12;157.76;107.16;105.07;4.12;178.05;4.04;416.31;21.07;3.99;21.86;205.02;389.82;274.51
4.12;157.12;106.61;104.25;4.12;178.21;4.04;416.58;21.11;3.99;21.89;204.73;390.03;274.53
4.13;157.25;106.89;104.44;4.12;179.15;4.04;416.6;21.2;3.99;21.99;204.68;389.58;274.51
4.13;157.65;107.14;104.85;4.12;179.07;4.04;417.04;21.18;4;21.98;205.12;390;274.83
4.13;157.62;106.98;104.74;4.12;178.91;4.04;416.09;21.12;3.99;21.91;204.92;389.31;274.46
4.13;156.94;106.49;104.1;4.12;179.12;4.04;417.32;21.2;3.99;21.98;204.88;390.45;274.83
4.13;157.17;106.9;104.45;4.13;178.74;4.05;416.62;21.19;4;22;204.76;389.35;274.6
4.13;157.24;107.01;104.75;4.12;179.03;4.04;417.02;21.12;4;21.91;204.87;390.17;274.77
4.12;157.1;106.81;104.22;4.11;178.09;4.03;417.09;21.18;3.98;21.94;204.73;390.35;274.7
4.13;157.48;107.22;104.73;4.12;177.82;4.04;416.66;21.24;3.99;22.03;204.86;389.58;274.75
4.14;157.68;107.3;104.87;4.13;178.43;4.05;416.94;21.19;4.01;22.01;205.07;389.64;274.93
4.13;157.33;107.22;104.64;4.13;179.14;4.05;417.13;21.11;4;21.91;205.36;390.42;275.03
4.13;157.04;107.07;104.37;4.12;177.76;4.04;416.5;21.11;4;21.9;204.47;389.73;274.65
4.12;157.18;106.99;104.35;4.11;178.28;4.03;416.81;21.12;3.99;21.88;204.74;390.42;274.71
4.12;157.43;106.47;104.47;4.11;178.85;4.03;416.48;21.02;3.98;21.78;205.14;390.72;274.65
4.12;157.06;106.12;104.28;4.12;179.01;4.04;416.05;21.15;3.99;21.94;204.88;389.5;274.4
4.13;157.25;106.24;104.6;4.12;177.85;4.04;416.98;21.07;3.99;21.84;205.19;390.69;274.82
4.12;157.39;106.6;104.44;4.11;178.07;4.03;416.8;21.03;3.99;21.78;205.01;390.85;274.67
4.11;156.83;106.22;103.77;4.11;179.57;4.03;416.59;21.06;3.98;21.81;204.75;390.61;274.48
4.11;156.63;105.65;103.5;4.11;178.26;4.03;416.81;21.03;3.98;21.78;204.53;390.89;274.47
4.12;156.87;105.52;103.9;4.11;179.23;4.03;416.61;21.17;3.98;21.93;205.04;389.9;274.39
4.12;157.15;106.15;104.53;4.11;178.39;4.03;416.74;21.14;3.98;21.89;204.94;390.26;274.47
4.11;156.59;106.01;103.56;4.1;178.56;4.02;417.4;21.23;3.97;21.97;204.26;390.66;274.52
4.11;157.81;106.89;104.79;4.11;178.58;4.03;417.98;21.41;3.97;22.14;205.68;391.02;274.85
4.12;156.17;105.89;103.47;4.11;179.11;4.03;418.01;21.35;3.98;22.1;204.37;390.54;274.78
4.12;156.09;105.52;103.15;4.11;179.13;4.03;417.81;21.39;3.97;22.13;204.03;390.32;274.65
4.13;156.68;106.12;103.73;4.13;178.89;4.04;418.45;21.51;3.99;22.29;204.58;390.56;275.03
4.13;156.91;106.39;104.18;4.13;179.47;4.04;418.33;21.43;3.99;22.22;204.71;390.67;275.03
4.14;156.92;106.36;104.17;4.13;178.97;4.05;417.91;21.42;3.99;22.21;204.93;390.2;275
4.14;156.53;106.15;103.91;4.13;180.71;4.05;418.33;21.46;4;22.27;204.49;390.33;275.1
4.14;156;105.63;103.17;4.13;180.09;4.05;418.51;21.46;4;22.25;204.22;390.69;275.05
4.14;156.31;106.1;103.68;4.13;180.01;4.05;418.31;21.37;4;22.17;204.46;390.66;275.07
4.14;157.22;106.52;104.51;4.14;179.66;4.05;418.79;21.43;4;22.23;204.77;391.01;275.33
4.13;156.57;105.96;103.68;4.13;179.81;4.05;418.25;21.39;3.99;22.17;204.85;390.91;275.16
4.14;156.67;106.46;104.18;4.14;179.57;4.06;417.9;21.38;4;22.19;204.62;390.22;275.06
4.14;156.42;105.87;103.73;4.14;179.57;4.06;418.21;21.31;4;22.12;204.51;390.88;275.13
4.14;156.96;106.19;104.23;4.13;179.89;4.05;417.61;21.31;4;22.12;204.56;390.2;274.9
4.14;157.26;105.68;104.31;4.13;178.67;4.05;418.11;21.26;3.99;22.05;205.31;391.13;275.14
4.13;156.57;104.77;103.61;4.13;179.08;4.05;417.87;21.13;3.99;21.91;204.94;391.2;274.92
4.13;157.21;105.93;104.56;4.12;178.5;4.04;417.87;21.25;3.98;22.02;205.25;390.86;274.91
4.13;157.03;104.53;104.26;4.12;179.17;4.04;417.86;21.24;3.98;22.03;204.81;390.68;274.8
4.13;156.93;103.98;103.94;4.12;176.85;4.04;418.39;21.12;3.97;21.89;205.48;391.58;274.95
4.11;157.27;103.98;104.12;4.1;178.15;4.03;417.81;21.16;3.96;21.89;205.46;391.49;274.65
4.11;157.43;103.83;104.31;4.11;177.43;4.03;417.2;21.1;3.96;21.85;205.53;390.71;274.43
4.1;157.79;104.44;104.89;4.1;179.35;4.02;417.09;21.09;3.95;21.81;206.08;390.74;274.39
4.11;157.36;104.93;104.49;4.1;177.88;4.02;417.04;21.11;3.96;21.84;205.34;390.65;274.4
4.1;157.14;104.03;104.05;4.1;177.79;4.02;417.61;21.23;3.95;21.95;205.34;390.92;274.47
4.1;156.69;104.33;103.92;4.09;178.96;4.01;417.58;21.32;3.95;22.02;204.52;390.69;274.4
4.12;156.83;105.15;103.86;4.12;179.32;4.04;417.88;21.4;3.97;22.17;204.58;390.67;274.73
4.13;156.92;105.94;104.13;4.12;178.53;4.04;418.14;21.51;3.98;22.29;204.93;390.45;274.83
4.13;156.76;105.72;103.94;4.13;178.64;4.04;418.72;21.51;3.98;22.29;204.7;391.01;275.08
4.13;156.13;105.7;103.62;4.12;179.49;4.04;418.15;21.51;3.98;22.28;204.18;390.25;274.78
4.14;157.05;106.09;104.17;4.14;178.57;4.05;418.68;21.53;4;22.33;204.77;390.76;275.23
4.14;156.27;105.87;103.78;4.13;178.92;4.05;418.69;21.49;4;22.28;204.41;390.63;275.13
4.14;156.47;106;103.83;4.14;179.48;4.05;418.62;21.48;4;22.29;204.39;390.74;275.17
4.14;156.76;106.28;104.08;4.13;180.02;4.05;418.22;21.48;4;22.28;204.5;390.17;275.02
4.14;156.39;105.76;103.48;4.13;179.83;4.05;418.9;21.45;4;22.25;204.32;391.23;275.2
4.13;156.46;105.85;103.48;4.13;180.54;4.05;418.26;21.42;3.99;22.22;204.55;391.02;275.03
4.14;156.65;106.28;103.88;4.13;179.61;4.05;417.96;21.42;3.99;22.22;204.61;390.5;274.92
4.14;156.78;106.55;104.43;4.13;179.17;4.05;418.8;21.43;4;22.23;204.87;391.08;275.29
4.13;156.99;105.58;104.23;4.13;179.54;4.05;420.54;21.31;3.99;22.06;205.67;393.47;275.97
4.12;157.18;104.66;103.9;4.11;179.18;4.04;419.9;21.27;3.97;22;206.2;393.3;275.61
4.11;155.99;104.39;103.19;4.11;180.54;4.03;419.97;21.28;3.96;21.98;204.95;393.28;275.45
4.11;157.17;105.13;103.9;4.11;179.49;4.03;420.21;21.23;3.97;21.93;206.28;393.91;275.65
4.11;156.93;104.24;103.92;4.11;178.7;4.03;420.21;21.25;3.96;21.95;205.92;393.36;275.57
4.11;156.7;104.1;103.68;4.1;178.05;4.02;419.86;21.17;3.95;21.86;206.07;393.39;275.31
4.11;156.37;103.75;103.22;4.11;179.19;4.03;420.5;21.15;3.96;21.85;205.5;393.99;275.61
4.11;157.02;104;103.73;4.1;178.91;4.03;420.5;21.22;3.96;21.91;206.39;393.76;275.66
4.11;157.15;104.81;104.18;4.11;178.52;4.03;420.14;21.25;3.96;21.95;206.25;393.38;275.49
4.12;156.48;105.25;103.72;4.11;179.18;4.03;420.7;21.29;3.97;21.99;205.74;393.77;275.75
4.12;156.39;105.05;103.4;4.11;180.92;4.03;420.1;21.3;3.97;22.03;205.21;393.28;275.56
4.13;157.19;105.94;104.13;4.13;179.08;4.05;421.04;21.42;3.99;22.16;206.24;393.85;276.08
4.14;157.5;106.35;104.93;4.13;179;4.05;420.7;21.47;3.99;22.24;206.42;393.16;276.02
4.14;156.42;104.99;103.6;4.13;180.15;4.05;421.19;21.4;3.99;22.14;205.44;393.84;275.99
4.15;155.94;104.57;102.99;4.14;180.52;4.06;421.72;21.36;4;22.12;205.34;394.34;276.33
4.14;156.08;104.98;103.22;4.14;180.91;4.06;421.21;21.36;4;22.13;205.43;393.93;276.13
4.14;156.8;105.15;104.18;4.13;179.83;4.05;420.96;21.37;3.99;22.13;205.76;393.45;276.06
4.14;157.31;105.9;104.61;4.13;178.54;4.05;420.24;21.46;3.99;22.23;205.98;392.68;275.88
4.14;157.33;106.34;104.8;4.13;180.3;4.05;420.56;21.46;3.99;22.22;205.78;392.89;275.96
4.13;157.38;106.04;104.65;4.12;178.65;4.04;420.51;21.48;3.98;22.23;205.94;393.17;275.87
4.13;157.15;105.81;104.42;4.12;179.25;4.04;420.36;21.41;3.98;22.15;205.96;393.24;275.77
4.14;157.38;106.24;104.62;4.13;178.91;4.05;420.15;21.4;3.99;22.18;205.67;392.78;275.87
4.14;156.25;105.1;103.26;4.13;180.27;4.05;420.46;21.39;3.99;22.16;205.18;393.32;275.86
4.14;156.28;105.66;103.47;4.13;179.24;4.05;419.99;21.39;3.99;22.16;204.92;392.63;275.71
4.13;156.24;105.69;103.34;4.12;179.26;4.04;419.57;21.37;3.99;22.12;205.21;392.52;275.51
4.12;156.46;105.98;103.81;4.12;179.77;4.04;419.7;21.31;3.98;22.05;205.49;392.88;275.57
4.13;157.09;106.44;104.39;4.12;179;4.04;419.51;21.33;3.99;22.08;205.6;392.52;275.59
4.13;156.77;105.1;103.82;4.13;178.77;4.05;419.65;21.32;3.99;22.08;205.21;392.68;275.64
4.14;156.65;104.91;103.5;4.13;179.28;4.05;419.67;21.19;3.99;21.96;205.61;393.19;275.67
4.13;156.51;105.89;103.8;4.12;179.55;4.04;418.88;21.06;3.99;21.82;205.62;392.6;275.42
4.13;156.99;106.14;104.02;4.12;178.45;4.04;419.47;21.19;3.99;21.93;205.79;393;275.61
4.13;157.32;106.43;104.56;4.12;178.33;4.04;419.21;21.16;3.99;21.92;205.83;392.59;275.55
4.12;156.78;105.6;103.65;4.11;178.09;4.03;419.05;21.07;3.98;21.79;205.47;392.94;275.3
4.1;156.83;105.82;103.53;4.09;179.15;4.01;419.22;21.31;3.96;21.99;205.66;392.95;275.14
4.1;156.91;105.91;103.8;4.09;177.98;4.01;419.34;21.23;3.96;21.91;205.8;393.06;275.22
4.1;156.61;105.66;103.5;4.1;179.34;4.02;419.37;21.34;3.96;22.03;205.47;392.81;275.2
4.11;156.74;106.34;104.08;4.11;179.02;4.02;419.45;21.5;3.97;22.21;205.45;392.3;275.31
4.12;156.97;106.16;104.22;4.11;178.83;4.03;420.2;21.49;3.97;22.2;205.42;393.08;275.55
4.12;157.14;106.25;104.28;4.11;177.76;4.03;419.73;21.55;3.97;22.28;205.56;392.22;275.44
4.12;157.11;106.49;104.37;4.12;178.67;4.03;419.78;21.65;3.98;22.39;205.65;391.88;275.45
4.12;157.3;106.72;104.87;4.12;178.58;4.04;420.41;21.63;3.98;22.36;205.73;392.71;275.73
4.13;156.66;105.95;103.82;4.12;177.99;4.04;420.07;21.53;3.98;22.28;204.97;392.56;275.59
4.15;157.08;106.33;104.25;4.14;179.69;4.06;420.21;21.57;4;22.36;205.7;392.51;275.9
4.14;157.05;106.56;104.57;4.13;178.73;4.05;419.8;21.47;3.99;22.25;205.66;392.05;275.69
4.13;156.84;106.36;104.23;4.12;179.55;4.04;420.03;21.54;3.99;22.29;205.38;392.62;275.72
4.13;157.16;106.53;104.46;4.13;178.28;4.05;418.53;21.56;3.99;22.34;204.75;390.61;275.1
4.13;157.39;106.72;104.62;4.12;178.94;4.04;417.78;21.61;3.98;22.38;204.55;389.65;274.63
4.13;156.22;105.87;103.38;4.12;179.01;4.04;417.31;21.52;3.99;22.32;203.74;389.34;274.42
4.12;157.45;106.84;104.61;4.12;178.95;4.03;416.76;21.42;3.98;22.21;204.78;389.58;274.41
4.12;156.79;106.3;103.96;4.11;178.48;4.03;417.2;21.55;3.97;22.3;204.37;389.78;274.38
4.12;157.57;106.92;104.75;4.11;179.37;4.03;417;21.43;3.97;22.19;204.96;389.78;274.35
4.12;157.26;106.42;104.55;4.11;178.2;4.03;417.07;21.52;3.97;22.29;204.77;389.46;274.35
4.11;157.08;105.9;104.27;4.11;179.1;4.03;416.98;21.35;3.97;22.11;204.93;390.33;274.38
4.12;156.74;105.07;103.84;4.11;178.49;4.03;416.59;21.34;3.97;22.11;204.28;389.76;274.18
4.12;156.48;105.76;103.81;4.11;179.09;4.03;416.96;21.42;3.97;22.19;203.99;389.49;274.21
4.11;157.4;106.06;104.46;4.11;179.07;4.03;416.86;21.4;3.97;22.14;204.78;389.97;274.31
4.11;157.4;105.91;104.39;4.1;178.6;4.02;416.81;21.41;3.96;22.15;205.03;389.96;274.22
4.12;156.42;105.25;103.53;4.11;179.03;4.03;417.17;21.31;3.97;22.07;204.43;390.51;274.42
4.13;156.83;105.89;104.06;4.12;179.48;4.04;416.87;21.42;3.99;22.22;204.43;389.61;274.41
4.14;156.87;106.15;104.3;4.13;179.69;4.05;417.67;21.49;3.99;22.3;204.49;389.86;274.67
4.13;156.93;105.97;104.38;4.13;179.23;4.04;418.53;21.61;3.99;22.4;204.32;390.28;274.83
4.13;156.56;105.52;103.67;4.13;179.95;4.04;418.51;21.64;3.98;22.43;204.1;390.4;274.77
4.14;156.49;105.55;103.81;4.14;179.18;4.05;418.43;21.55;4;22.36;204.15;390.31;274.94
4.14;156.5;105.76;104.02;4.13;178.91;4.05;418.68;21.67;3.99;22.47;204.26;390.12;274.9
4.14;156.11;105.34;103.55;4.13;178.96;4.05;418.65;21.52;3.99;22.31;204;390.5;274.9
4.14;156.17;105.43;103.63;4.14;179.45;4.06;418.52;21.53;4;22.34;203.96;390.39;274.98
4.14;156.25;105.45;103.55;4.14;180.08;4.05;418.55;21.58;3.99;22.38;203.86;390.2;274.95
4.13;156.71;105.8;103.9;4.13;180.18;4.05;417.82;21.44;3.99;22.23;204.47;390.53;274.78
4.14;156.77;105.98;104;4.14;179.94;4.05;418.37;21.56;4;22.37;204.57;390.24;275
4.14;156.17;105.68;103.66;4.13;180.37;4.05;418.32;21.47;3.99;22.26;204.27;390.44;274.85
4.14;156.43;105.97;103.95;4.13;179.88;4.05;418.46;21.51;3.99;22.31;204.17;390.45;275.01
4.14;156.81;105.7;103.89;4.13;179.04;4.05;417.88;21.4;3.99;22.2;204.63;390.58;274.82
4.13;156.49;105.41;103.35;4.12;179.08;4.04;418.11;21.49;3.98;22.27;204.75;390.65;274.78
4.12;156.8;105.39;104.22;4.11;179.28;4.04;417.8;21.38;3.97;22.14;204.82;390.39;274.55
4.13;157.23;105.39;104.5;4.12;177.8;4.04;417.76;21.36;3.97;22.14;204.91;390.41;274.74
4.13;156.17;104.71;103.09;4.12;178.53;4.04;418;21.3;3.98;22.07;204.24;391.05;274.76
4.13;157.2;105.05;104.22;4.12;178.78;4.04;417.69;21.29;3.97;22.07;205.05;390.31;274.68
4.13;156.47;104.43;103.38;4.12;178.56;4.04;417.75;21.28;3.97;22.04;204.57;390.49;274.61
4.13;156.68;104.88;103.67;4.12;178.22;4.04;417.35;21.24;3.97;22.01;204.85;390.2;274.52
4.14;157.36;105.42;104.63;4.13;178.26;4.05;417.88;21.13;3.99;21.92;205.49;390.97;274.96
4.13;156.54;104.28;103.62;4.12;178.14;4.04;417.91;21;3.98;21.78;204.79;391.18;274.75
4.11;155.86;103.85;102.77;4.1;179.23;4.02;418.4;21.07;3.96;21.79;204.61;391.78;274.67
4.12;156.51;104.68;103.66;4.11;179.74;4.04;416.91;21.12;3.97;21.88;204.27;390.26;274.34
4.12;156.64;104.29;103.62;4.12;179.13;4.04;418.95;21.13;3.97;21.9;204.84;392.34;275.14
4.13;156.39;104.57;103.36;4.12;178.83;4.04;418.2;21.21;3.98;21.98;204.77;391.64;274.91
4.13;156.33;105.69;103.77;4.12;179.5;4.05;418.12;21.22;3.99;22;204.63;391.11;275.06
4.14;156.72;106.09;104.18;4.13;179.36;4.05;418.3;21.24;4;22.03;204.65;391.26;275.12
4.14;157.13;106.14;104.46;4.13;179.65;4.05;418.22;21.22;4;22.02;204.9;391.22;275.24
4.13;156.4;105.84;103.61;4.13;178.94;4.05;418.12;21.25;4;22.04;204.4;391.16;275.15
4.13;156.59;105.78;103.64;4.12;179.8;4.04;417.85;21.12;3.99;21.9;204.81;391.44;275.12
4.14;156.73;106.65;104.36;4.13;180.12;4.05;417.73;21.24;4;22.04;204.88;390.68;275.15
4.14;156.84;106.68;104.22;4.14;178.84;4.06;417.89;21.18;4.01;21.99;204.38;390.93;275.23
4.14;157.19;106.97;104.47;4.13;179.27;4.05;417.68;21.18;4.01;22;205.17;391.03;275.23
4.14;156.61;106.68;104.05;4.13;179.49;4.05;418.13;21.22;4;22.02;204.55;391.16;275.3
4.14;156.71;106.86;104.16;4.13;179.93;4.05;417.62;21.16;4;21.95;204.54;390.79;275.13
4.13;156.95;106.52;104.43;4.12;179.88;4.05;416.62;21.03;4;21.83;204.57;390.19;274.83
4.13;157.02;106.57;104.26;4.12;180.03;4.04;417.29;21.16;4;21.94;204.59;390.63;274.94
4.13;157.34;106.88;104.67;4.12;179.41;4.04;416.97;21.07;4;21.85;204.87;390.46;274.94
4.13;157.11;106.62;104.26;4.13;179.41;4.05;416.76;21.05;4;21.85;205.08;390.54;274.88
4.14;157.16;106.41;104.39;4.13;180.24;4.05;417.68;21.05;4;21.84;205.1;391.24;275.19
4.13;157.17;106.55;104.6;4.13;179.79;4.05;417.03;21.02;4;21.81;205.17;390.66;274.94
4.13;156.82;105.25;104.14;4.13;179.01;4.05;417.3;20.97;3.99;21.76;204.53;391;274.91
4.13;156.7;105.64;104.08;4.12;179.91;4.04;417.84;21.02;3.99;21.8;204.71;391.02;275.22
4.13;156.46;105.59;103.91;4.13;181.15;4.05;417.65;20.97;4;21.76;204.7;391.02;275.23
4.12;156.39;105.36;103.88;4.11;180.83;4.03;417.92;21.07;3.98;21.81;204.4;391.06;275.13
4.13;156.11;104.98;103.64;4.12;180.91;4.04;417.58;21.09;3.99;21.86;204.12;390.63;275.04
4.13;156.27;104.75;103.83;4.12;180.52;4.04;417.59;21;3.99;21.77;204.09;390.54;274.98
4.14;156.81;106.03;104.1;4.13;180.19;4.05;417.88;21.1;4;21.88;204.91;390.76;275.35
4.13;156.45;106.2;104.22;4.13;178.88;4.05;417.06;21.04;4;21.84;204.54;390.03;275.02
4.13;156.58;106.11;104.02;4.12;178.59;4.04;417.74;21.06;4;21.82;204.36;390.61;275.17
4.13;156.34;106.22;103.7;4.12;179.37;4.04;418.12;21.16;3.99;21.93;204.53;390.87;275.29
4.13;156.72;106.01;103.92;4.12;179.28;4.04;417.39;21.05;3.99;21.83;204.67;390.6;275.04
4.13;157.16;106.98;104.77;4.12;179.61;4.04;417.74;21.16;4;21.95;205.22;390.27;275.27
4.13;156.46;106.33;104.16;4.13;177.96;4.05;417.62;21.05;4;21.84;204.23;390.32;275.15
4.13;156.23;105.94;103.53;4.13;179.43;4.05;417.86;21.08;4;21.87;204.11;390.61;275.14
4.14;156.61;106.24;103.86;4.13;179.16;4.06;418.03;21.09;4.01;21.89;205.03;390.84;275.45
4.14;156.67;106.58;104.41;4.13;178.68;4.05;417.73;21.05;4.01;21.85;204.57;390.4;275.27
4.14;156.78;106.26;103.98;4.13;178.67;4.05;418.19;21.15;4.01;21.94;204.58;390.6;275.34
4.13;155.61;105.59;103.1;4.13;179.32;4.05;417.76;21;4;21.79;204.19;390.84;275.21
4.14;156.44;106.17;103.91;4.13;178.97;4.05;417.9;21.04;4.01;21.83;204.39;390.72;275.36
4.13;156.57;106.2;103.86;4.13;179.17;4.05;417.95;21.06;4;21.85;204.6;390.67;275.27
4.13;155.65;105.83;103.35;4.13;181.26;4.05;417.68;20.95;4;21.74;204.16;390.7;275.15
4.14;156.61;106.25;104.16;4.14;180.31;4.06;418.17;21.04;4.01;21.84;204.5;390.86;275.37
4.13;156.1;105.62;103.24;4.12;178.93;4.05;419.51;20.97;4;21.73;205.11;392.96;275.78
4.12;156.88;106.19;104.23;4.11;177.75;4.03;418.81;20.88;3.98;21.6;205.52;392.5;275.52
4.12;155.74;105.39;103.02;4.11;179.91;4.04;419.31;20.93;3.99;21.66;205.1;392.77;275.6
4.12;156.06;105.74;103.6;4.12;179.14;4.04;419.25;20.97;3.99;21.71;205.02;392.88;275.75
4.13;155.72;105.41;103.06;4.12;179.64;4.04;419.61;21.03;3.99;21.77;204.68;392.68;275.69
4.13;155.85;105.45;103.19;4.13;180.97;4.05;419.74;21.03;4;21.78;204.7;393.08;275.88
4.13;157.04;106.92;104.47;4.12;179.16;4.04;419.8;21.19;3.99;21.93;205.42;392.33;275.92
4.13;156.8;107.41;104.72;4.13;178.8;4.04;421.99;21.86;3.99;22.58;205.06;392.57;276.53
4.13;156.18;106.94;104.23;4.13;179.38;4.04;422.52;21.8;3.99;22.52;204.77;393.58;276.75
4.15;156.57;106.88;104.25;4.14;179.28;4.06;422.52;21.88;4.01;22.66;204.94;393.12;276.88
4.15;155.63;106.54;103.53;4.15;181.12;4.06;422.2;21.76;4.02;22.53;204.71;393.18;276.91
4.16;155.79;106.75;103.84;4.15;181.38;4.07;422.81;21.86;4.02;22.65;204.28;393.12;277.14
4.16;156.27;106.85;104;4.15;179.65;4.07;422.71;21.8;4.02;22.58;204.67;393.44;277.19
4.16;155.8;106.75;103.5;4.15;179.78;4.06;422.34;21.8;4.02;22.57;204.5;393.13;276.97
4.16;156.92;107.89;104.85;4.15;178.83;4.06;421.95;21.81;4.02;22.6;205.49;392.73;276.97
4.15;156.3;107.18;104.25;4.14;179.71;4.06;422.05;21.72;4.01;22.48;204.8;393.39;276.97
4.15;155.64;106.91;103.53;4.14;179.84;4.06;421.94;21.71;4.02;22.48;204.39;393.18;276.92
4.15;157.32;108.05;105.15;4.14;179.28;4.05;421.72;21.8;4.01;22.56;205.28;392.8;276.88
4.15;156.89;107.58;104.81;4.14;179.27;4.06;421.55;21.77;4.01;22.55;205.33;392.8;276.86
4.15;155.6;106.46;103.35;4.14;181.81;4.06;421.79;21.68;4.01;22.44;204.36;393.42;276.86
4.14;156.01;107.02;103.78;4.14;181.06;4.05;421.24;21.63;4.01;22.39;204.53;392.9;276.68
4.14;156.93;107.74;104.54;4.14;179.25;4.05;421.27;21.73;4.01;22.49;205.21;392.85;276.78
4.13;156.81;107.61;104.33;4.12;178.96;4.04;420.8;21.67;3.99;22.4;205.19;392.68;276.41
4.13;156.36;107.41;103.96;4.12;179.56;4.04;420.75;21.73;3.99;22.44;205;392.47;276.4
4.12;156.85;107.9;104.49;4.12;178.46;4.03;420.58;21.7;3.99;22.42;205.52;392.53;276.39
4.12;157.41;108.37;105.28;4.12;178.46;4.03;420.67;21.55;3.99;22.27;205.66;392.98;276.44
4.12;156.89;107.66;104.51;4.12;178.31;4.03;420.76;21.61;3.99;22.32;205.32;393.16;276.44
4.11;157.79;108.51;105.27;4.1;179.04;4.02;420.43;21.6;3.97;22.27;205.95;392.71;276.28
4.11;157.13;107.7;104.51;4.1;178.21;4.02;421.32;21.64;3.97;22.31;205.87;393.55;276.51
4.12;156.64;107.49;104.14;4.11;178.45;4.03;420.97;21.69;3.98;22.4;205.32;392.82;276.33
4.1;156.34;107.24;103.73;4.1;179.41;4.01;421.53;21.81;3.96;22.46;205.07;393.29;276.27
4.11;156.43;107.75;104.32;4.11;178.76;4.02;421.4;21.98;3.97;22.66;205.11;392.49;276.12
4.13;157.12;108.12;105.04;4.12;178.14;4.03;422.09;22.03;3.98;22.74;205.23;392.73;276.55
4.13;155.75;106.66;103.26;4.12;179.69;4.04;421.75;21.93;3.98;22.65;204.09;392.38;276.26
4.13;155.65;106.87;103.29;4.12;180.29;4.04;422.3;22.1;3.98;22.82;203.82;392.16;276.26
4.13;156.05;107.03;103.57;4.12;180.57;4.03;421.53;22.02;3.98;22.74;204.19;391.85;276.15
4.13;156.12;107.45;103.89;4.12;179.62;4.04;421.81;22.12;3.99;22.84;204.34;391.73;276.25
4.14;156.19;107.67;104.27;4.13;178.64;4.04;422.12;22.09;3.99;22.82;204.21;391.99;276.44
4.14;156.27;107.34;103.92;4.13;179.32;4.04;421.2;22;3.99;22.76;204.12;391.41;276.13
4.15;156.11;107.66;104.11;4.14;180.03;4.05;421.8;22.03;4.01;22.8;204.43;391.54;276.5
4.15;156.78;108.2;104.82;4.14;178.94;4.05;421.61;21.98;4.01;22.76;204.5;391.88;276.58
4.15;157.17;108.31;105.03;4.14;177.64;4.05;421.24;21.94;4.01;22.71;204.68;391.54;276.55
4.14;156.73;108.02;104.44;4.14;179.14;4.05;421.2;21.94;4;22.7;204.58;391.8;276.5
4.14;156.96;108.66;105;4.13;179.52;4.05;420.55;21.89;4;22.66;204.77;390.99;276.24
4.13;156.63;108.3;104.53;4.13;179.7;4.04;420.62;21.84;4;22.59;204.45;391.28;276.22
4.13;156.71;108.31;104.54;4.13;178.83;4.04;420.88;21.83;3.99;22.57;204.21;391.66;276.27
4.12;156.46;107.81;103.92;4.11;180.28;4.03;420.17;21.75;3.98;22.48;204.33;391.7;276
4.12;157.15;108.6;104.89;4.12;178.41;4.03;419.85;21.73;3.99;22.47;205.04;391.32;276.1
4.12;157.14;108.37;104.82;4.11;178.55;4.03;419.75;21.64;3.98;22.36;204.95;391.72;275.88
4.1;156.98;108.37;104.72;4.1;177.87;4.02;419.04;21.61;3.97;22.31;204.71;391.2;275.54
4.1;157.44;108.77;105.23;4.09;179.26;4.01;418.54;21.55;3.97;22.23;205.21;391.15;275.53
4.1;157.49;108.51;105.12;4.1;177.91;4.01;419.09;21.61;3.97;22.29;205.26;391.5;275.6
4.11;157.35;108.3;105.07;4.1;178.79;4.02;419.06;21.58;3.97;22.28;204.99;391.53;275.72
4.1;157.06;108.02;104.66;4.1;178.67;4.01;419.32;21.6;3.97;22.28;205.1;392.02;275.74
4.11;157.39;108.59;105.13;4.1;178.55;4.01;419.52;21.73;3.97;22.42;205.13;391.45;275.74
4.11;157.49;108.65;105.35;4.11;179.87;4.02;420.39;21.85;3.97;22.55;205.13;391.61;275.96
4.12;156.45;107.6;104.08;4.12;178.3;4.03;421.39;21.93;3.98;22.64;204.22;391.88;276.22
4.13;156.33;107.46;103.89;4.13;179.34;4.04;421.26;21.87;3.99;22.61;204.37;391.92;276.29
4.13;156.33;107.66;104.09;4.12;179.85;4.04;421.49;21.86;3.99;22.58;204.68;392.38;276.36
4.14;156.24;107.55;104.28;4.13;180.74;4.05;421.19;21.85;4;22.6;204.3;392.16;276.37
4.13;155.87;106.93;103.52;4.13;178.87;4.04;421.21;21.82;4;22.57;203.82;392.48;276.35
4.13;155.8;106.99;103.43;4.13;180.62;4.04;420.83;21.81;4;22.56;204.01;392.1;276.24
4.13;156.24;107.48;103.73;4.13;180.08;4.04;421.07;21.87;3.99;22.6;204.43;392.12;276.25
4.13;156.23;107.92;104.16;4.12;179.02;4.04;420.78;21.85;3.99;22.59;204.55;391.95;276.25
4.13;156.54;107.98;104.44;4.13;179.19;4.04;420.58;21.85;4;22.6;204.18;391.4;276.13
4.13;156.43;107.57;103.95;4.12;178.29;4.03;420.67;21.85;3.99;22.59;204.2;391.86;276.09
4.12;155.9;107.34;103.39;4.11;178.49;4.03;420.32;21.85;3.98;22.56;203.99;391.47;275.86
4.12;156.25;107.65;103.75;4.12;179.22;4.03;420.54;21.83;3.99;22.55;204.29;391.95;276.01
4.12;156.74;108.2;104.54;4.12;179.04;4.03;420.16;21.82;3.99;22.55;204.66;391.34;275.89
4.12;156.13;107.65;103.78;4.11;179.68;4.02;420.23;21.75;3.98;22.46;204.18;391.94;275.95
4.12;156.38;107.74;103.96;4.12;178.3;4.03;419.86;21.7;3.99;22.43;204.23;391.6;275.92
4.13;156.53;107.49;103.78;4.12;179.09;4.04;419.79;21.62;4;22.36;204.49;391.88;276.02
4.14;156.27;107.75;103.94;4.14;179.91;4.05;419.57;21.55;4.01;22.32;204.58;391.68;276.08
4.13;156.85;107.88;104.6;4.13;180.37;4.05;419.86;21.51;4;22.27;204.61;392.18;276.09
4.13;156.82;107.85;104.33;4.13;179.26;4.04;419.51;21.5;4;22.25;204.87;391.97;275.94
4.13;156.6;107.44;104.02;4.12;179.51;4.04;419.54;21.48;4;22.24;204.93;392.01;275.96
4.12;156.14;107.09;103.47;4.11;179.24;4.03;419.74;21.48;3.98;22.19;204.52;392.48;275.81
4.11;156.17;107.4;103.87;4.11;180.56;4.02;421.14;21.57;3.98;22.26;205.13;393.65;276.32
4.12;156.5;107.17;103.88;4.11;179.51;4.03;421.34;21.62;3.98;22.31;205.07;393.62;276.39
4.12;156.28;106.89;103.58;4.11;179.9;4.02;421.98;21.76;3.98;22.44;205.19;394.11;276.45
4.12;156.03;107.06;103.57;4.12;179.23;4.03;422.46;21.9;3.98;22.59;205.3;393.96;276.58
4.14;155.77;106.66;103.36;4.13;178.86;4.05;423.47;21.94;3.99;22.66;205.1;394.42;277.1
4.14;156.35;107.02;103.96;4.14;179.61;4.05;424.06;22.11;4;22.83;205.55;394.78;277.32
4.15;157.54;107.97;105.24;4.15;178.84;4.06;423.86;22.22;4;22.97;206.07;393.9;277.34
4.15;157.18;107.76;105.06;4.15;179.25;4.06;424.11;22.06;4.01;22.81;206.06;394.62;277.53
4.15;157.54;108.14;105.29;4.15;178.51;4.06;423.6;22.13;4.01;22.88;206.46;394.1;277.41
4.15;157.35;108.36;105.54;4.14;178.18;4.06;423.71;22.02;4.01;22.77;206.36;394.76;277.51
4.15;156.89;107.81;104.65;4.15;178.11;4.06;423.42;21.96;4.01;22.71;205.83;394.36;277.38
4.15;156.65;107.6;104.25;4.14;177.56;4.05;423.51;22.06;4;22.8;205.52;394.3;277.34
4.14;156.73;107.72;104.25;4.13;178.62;4.04;422.78;22;3.99;22.73;205.48;393.92;277.02
4.14;157.15;108.03;104.5;4.14;178.1;4.05;422.36;21.97;4;22.71;205.83;393.6;276.89
4.14;156.73;107.85;104.3;4.14;179.05;4.05;422.07;22.02;4;22.78;205.26;392.92;276.79
4.14;155.84;106.98;103.27;4.14;179.19;4.05;421.92;21.78;4;22.53;205.06;393.73;276.86
4.14;155.8;107.29;103.11;4.14;180.09;4.05;421.6;21.83;4;22.59;204.59;393.13;276.65
4.13;158.12;109.39;105.71;4.12;177.34;4.04;421.16;21.95;3.99;22.68;206.46;392.49;276.62
4.12;158.14;109.15;105.67;4.11;178.15;4.03;421.12;21.91;3.98;22.6;206.46;392.75;276.47
4.13;157.37;108.48;104.98;4.13;177.94;4.04;421.35;21.84;3.99;22.58;205.89;392.84;276.65
4.12;156.67;107.83;104.13;4.12;179.32;4.03;421.05;21.65;3.99;22.37;205.49;393.14;276.49
4.13;157.65;108.28;104.94;4.13;177.83;4.04;421.84;21.79;4;22.52;206.37;393.78;276.8
4.13;156.7;107.58;104.04;4.13;178.34;4.04;422.23;21.67;3.99;22.38;206.22;394.33;276.92
4.13;156.57;107.32;103.83;4.13;179.03;4.04;424.04;21.73;3.99;22.43;206.53;396.02;277.53
4.12;156.83;107.59;104.14;4.12;178.7;4.03;424.87;21.81;3.98;22.47;207;396.93;277.77
4.12;156.95;106.98;104.12;4.11;180.38;4.02;424.53;21.88;3.97;22.51;206.86;396.55;277.5
4.11;156.63;106.45;103.7;4.11;180.64;4.02;424.22;21.94;3.97;22.59;206.58;396.08;277.31
4.11;156.16;106.5;103.66;4.11;179.53;4.02;424.35;21.98;3.97;22.63;206.39;396.11;277.33
4.13;157.69;107.5;105.1;4.12;179.68;4.03;425.08;22.1;3.98;22.77;207.1;396.26;277.75
4.13;157;107.36;104.66;4.12;178.83;4.03;425;22.18;3.98;22.86;207;395.98;277.75
4.13;156.31;106.9;103.89;4.12;178.96;4.03;424.88;22.19;3.98;22.87;205.79;395.67;277.44
4.13;157.69;108.05;105.27;4.13;178.72;4.04;425.42;22.23;3.99;22.9;207.1;396.2;277.91
4.13;157.19;107.47;104.88;4.12;178.64;4.03;425.58;22.19;3.98;22.85;206.68;396.26;278.03
4.13;156.39;107.12;104.13;4.13;178.85;4.04;425.11;22.11;3.99;22.79;206.24;395.73;277.99
4.14;156.95;107.94;105.02;4.13;179.68;4.05;425.03;22.08;4;22.78;206.74;395.72;278.15
4.15;157.42;108.18;105.5;4.14;179.26;4.05;425.24;22.01;4.01;22.73;206.75;395.78;278.42
4.14;156.98;107.9;104.71;4.14;179.42;4.05;425.24;22.02;4;22.72;206.5;395.93;278.28
4.15;157.42;108.49;105.21;4.15;177.51;4.06;425.22;22;4.01;22.73;207.3;396.09;278.51
4.13;156.82;108;104.98;4.13;178.52;4.04;425.22;21.88;4;22.55;206.72;396.16;278.4
4.13;156;107.35;103.84;4.13;179.37;4.04;425.17;21.83;4;22.52;206.03;396.14;278.42
4.14;155.11;106.16;105.07;4.14;179.4;4.05;428.79;21.81;4.01;22.45;204.94;395.67;280.96
4.12;151.63;103.5;102.35;4.12;180.27;4.03;430.21;21.76;3.99;22.32;202.68;395.47;282.03
4.13;153.07;104.92;103.98;4.12;180.14;4.04;430.05;21.82;4;22.41;203.41;394.77;281.98
4.13;153.33;104.85;104.34;4.13;180.68;4.04;429.88;21.72;4;22.32;203.86;395;282.08
4.13;152.85;104.32;103.61;4.13;182.34;4.04;428.4;21.67;4;22.28;203.04;393.58;281.22
4.13;151.95;104.67;104.35;4.13;180.86;4.05;424.79;20.59;4.01;21.25;200.41;389.63;281.74
4.09;142.26;98.35;104.56;4.08;191.14;4.02;423.89;17.89;4;18.42;189.94;376.39;286.01
4.08;142.55;98.51;104.95;4.08;191.55;4.02;424.36;17.9;3.99;18.42;190.42;376.78;286.18
4.08;142.94;98.5;105.15;4.08;189.62;4.02;424.59;17.98;3.99;18.49;190.27;376.78;286.05
4.08;162.96;97.9;104.52;4.07;191.67;4.01;424.95;18.05;3.98;18.56;189.59;376.84;285.98
4.08;103.536;100.05;104.41;4.07;184.74;4.01;408.53;18.06;3.98;18.77;195;373.25;274.66
4.1;139.984;106.74;104.7;4.1;176.77;4.02;411.12;20.17;3.98;20.96;203.74;386.2;272.76
4.13;143.632;107.89;104.81;4.13;176.18;4.05;416.57;21.44;4;22.25;205.98;390.77;274.46
4.13;142.736;107.77;105.02;4.12;176.51;4.04;416.09;21.44;3.99;22.25;205.79;390.35;274.23
4.13;141.2;107.67;104.65;4.12;176.22;4.04;417.18;21.57;3.99;22.37;205.49;390.97;274.5
4.13;143.168;107.91;104.98;4.13;175.71;4.05;416.23;21.43;4;22.26;205.04;390.25;274.29
4.13;141.216;107.61;104.59;4.13;175.91;4.05;416.04;21.43;4;22.26;205.3;390.26;274.24
4.14;141.888;107.85;104.58;4.13;174.96;4.05;416.31;21.44;4;22.26;205.05;390.16;274.34
4.14;143.104;107.83;104.45;4.14;175.67;4.05;416.45;21.39;4.01;22.22;205.36;390.45;274.47
4.12;144;107.91;104.54;4.12;174.59;4.04;415.94;21.38;3.99;22.18;205.02;390.01;274.18
4.12;145.6;108.28;104.85;4.12;174.79;4.03;415.82;21.42;3.99;22.21;205.59;389.94;274.16
4.13;146.768;108.21;104.79;4.12;174.95;4.04;415.78;21.44;4;22.25;205.3;389.89;274.27
4.12;145.824;108.07;104.61;4.12;175.55;4.04;415.36;21.31;3.99;22.12;205.1;389.83;274.08
4.13;144.512;108.32;104.84;4.13;175.84;4.05;415.57;21.23;4;22.05;205.02;390.06;274.31
4.13;145.472;109.03;105.69;4.12;175.03;4.04;415.3;21.29;4;22.11;206.3;389.82;274.25
4.12;144.208;108.26;104.97;4.11;175.25;4.03;415.37;21.25;3.99;22.04;205.51;390.27;274.12
4.12;144.528;108.33;105.23;4.11;174.94;4.03;415.18;21.15;3.99;21.94;205.78;390.32;274.1
4.12;145.072;108.71;105.93;4.11;175.38;4.03;415.48;21.08;3.99;21.85;206.39;391;274.31
4.11;145.184;108.39;105.56;4.11;175.59;4.03;414.95;21.08;3.99;21.86;206.42;390.45;274.01
4.11;145.536;108.07;105.57;4.1;175.85;4.02;415.29;21.11;3.98;21.87;206.37;390.91;274.04
4.11;146.032;108.24;105.47;4.11;174.06;4.03;415.25;21.17;3.98;21.94;205.88;390.48;274.07
4.11;147.68;108.38;105.41;4.11;175.51;4.03;415.35;21.25;3.98;22.03;205.82;390.44;274.11
4.12;151.952;109.37;106.64;4.11;173.64;4.03;415.1;21.3;3.98;22.09;206.87;389.9;274.05
4.11;145.152;107.72;104.52;4.11;175.03;4.03;415.15;21.22;3.98;21.99;205.14;390.26;273.84
4.12;141.696;107.57;104.51;4.11;175.85;4.03;415.78;21.26;3.99;22.04;205.07;390.59;273.99
4.12;143.632;107.55;104.6;4.12;175.26;4.03;415.68;21.37;3.99;22.16;205.13;390.19;273.97
4.12;144.656;107.49;104.51;4.11;175.24;4.03;416.03;21.45;3.98;22.23;205.58;390.48;274.05
4.11;143.024;107.28;104.16;4.11;176.25;4.03;415.7;21.43;3.98;22.2;204.86;390.25;273.86
4.12;143.968;107.14;104.02;4.11;176.14;4.03;416.12;21.43;3.98;22.21;204.78;390.59;273.98
4.12;143.52;107.36;104.22;4.11;176.59;4.03;416.01;21.43;3.98;22.21;205.6;390.46;274.09
4.11;144.096;107.68;105.01;4.11;175.34;4.03;416.12;21.41;3.98;22.18;205.29;390.54;274.1
4.11;144.208;107.29;104.42;4.11;175.48;4.03;415.99;21.42;3.98;22.19;205.28;390.74;274.01
4.12;143.856;107.25;104.24;4.11;175.86;4.03;415.96;21.38;3.98;22.16;205.41;390.6;274.05
4.12;144.128;107.74;104.76;4.11;175.94;4.03;415.86;21.37;3.99;22.16;205.6;390.36;274.16
4.11;145.264;108.17;105.38;4.11;175.41;4.03;415.8;21.35;3.98;22.12;205.65;390.48;274.08
4.11;145.2;107.72;104.75;4.11;175.3;4.03;415.68;21.35;3.98;22.12;205.19;390.34;273.93
4.11;143.504;107.18;103.96;4.11;175.9;4.03;416.2;21.33;3.98;22.09;205.04;391.06;274.09
4.12;144.224;107.28;104.31;4.11;175.79;4.03;415.87;21.33;3.98;22.09;205.39;391.03;274.03
4.11;145.264;107.32;104.52;4.11;174.6;4.03;416;21.22;3.98;21.99;206.02;391.01;274.17
4.11;144.944;107.24;104.3;4.1;174.76;4.02;415.95;21.25;3.97;21.99;205.31;390.65;273.96
4.1;145.648;107.29;104.76;4.1;174.08;4.02;415.84;21.15;3.96;21.88;205.92;390.99;273.93
4.13;141.904;106.58;104.26;4.12;174.95;4.05;415.31;21.06;3.99;21.88;205.46;390.43;274.01
4.13;141.488;106.22;104.54;4.12;175.71;4.05;415.85;21.13;3.99;21.93;205.38;390.91;274.2
4.13;140.528;106.04;103.98;4.13;175.33;4.05;415.42;20.96;4;21.77;205.61;390.98;274.09
4.12;142.368;107.27;105.01;4.11;176.08;4.03;415.19;21.15;3.98;21.94;205.93;390.35;273.8
4.11;142.848;106.44;104.02;4.11;175.8;4.03;415.79;21.12;3.97;21.88;205.43;391.14;273.91
4.1;144.592;106.81;104.59;4.1;175.47;4.02;415.47;21.15;3.97;21.89;205.51;390.96;273.78
4.1;146;107.15;104.86;4.09;174.69;4.01;415.42;21.32;3.96;22.06;206.12;390.39;273.67
4.1;145.84;107.01;104.54;4.1;176.14;4.02;415.79;21.32;3.96;22.06;205.48;390.73;273.79
4.11;146.656;106.57;104.02;4.1;174.58;4.02;416.05;21.39;3.97;22.15;204.74;390.68;273.76
4.12;148.064;106.72;104.22;4.11;175.59;4.03;416.53;21.53;3.98;22.3;205.01;390.61;273.99
4.12;147.68;107.01;104.32;4.11;175.94;4.03;416.31;21.58;3.97;22.35;205.39;390.27;273.92
4.13;147.2;107.32;104.74;4.12;175.67;4.04;416.77;21.58;3.98;22.37;205.16;390.32;274.24
4.13;148.032;107.8;105.35;4.12;175.16;4.04;416.26;21.64;3.99;22.45;205.52;389.64;274.07
4.13;146.864;107.72;105.36;4.12;175.32;4.04;416.68;21.58;3.98;22.38;205.77;390.28;274.23
4.12;146.352;107.68;105.17;4.11;174.88;4.03;417.05;21.54;3.98;22.3;205.5;390.68;274.27
4.12;146.88;108.07;105.45;4.12;175.85;4.03;416.38;21.61;3.98;22.4;206.28;390.12;274.2
4.12;146.56;108.5;106.15;4.11;174.6;4.03;415.84;21.62;3.98;22.39;205.99;389.5;273.89
4.11;144.368;107.21;104.58;4.1;175.47;4.02;416.53;21.59;3.97;22.35;205.1;390.56;273.95
4.11;142.608;107.44;104.5;4.11;176.4;4.02;416.36;21.56;3.97;22.33;205.64;390.57;274.07
4.12;142.368;107.67;105.09;4.12;176.04;4.04;416.11;21.48;3.99;22.28;205.73;390.11;274.15
4.12;142.176;107.05;104.19;4.12;176.75;4.04;416.04;21.37;3.99;22.16;205.16;390.79;274.2
4.13;143.072;107.09;104.19;4.12;176.53;4.04;415.86;21.36;3.99;22.17;205.43;390.41;274.17
4.12;144.528;107.64;104.7;4.12;175.91;4.04;415.57;21.33;3.99;22.13;205.87;390.29;274.06
4.13;146.064;107.41;105.04;4.12;175.59;4.04;415.88;21.24;3.99;22.06;205.69;390.59;274.16
4.12;147.28;107.05;104.58;4.11;175.52;4.03;415.78;21.21;3.98;21.99;205.89;390.92;274.04
4.11;147.248;107.05;104.7;4.11;175.36;4.03;415.83;21.21;3.98;21.98;206.18;390.86;274.05
4.12;147.408;107.22;104.71;4.11;175.27;4.03;416.06;21.24;3.98;22.02;206.06;391.08;274.06
4.12;147.648;107.11;104.83;4.11;175.44;4.03;416.03;21.16;3.98;21.94;206.67;390.93;274.17
4.12;146.928;107.16;105.05;4.11;175.1;4.03;415.97;21.12;3.98;21.89;206.21;391.31;274.04
4.11;145.792;106.6;104.03;4.1;175.26;4.02;416.05;21.26;3.97;22.02;205.55;391.04;273.84
4.11;147.984;106.96;104.52;4.11;175.7;4.02;416.3;21.39;3.97;22.14;206.15;391.17;274.01
4.11;149.152;107.36;104.96;4.1;175.97;4.02;417.25;21.37;3.97;22.1;206.9;392.15;274.3
4.11;150.224;107.04;104.89;4.11;175.67;4.03;418.7;21.46;3.97;22.19;206.78;393.31;274.88
4.12;151.648;106.42;104.05;4.12;176.68;4.04;418.62;21.55;3.98;22.3;205.93;392.94;274.77
4.12;152.928;106.86;104.8;4.12;175.71;4.04;418.58;21.65;3.98;22.41;206.54;392.4;274.8
4.13;153.152;107.14;105.15;4.12;176.16;4.04;418.77;21.65;3.98;22.43;206.98;392.28;274.92
4.12;153.072;106.69;104.71;4.12;175.75;4.03;419.41;21.59;3.98;22.33;206.23;393.53;275.05
4.12;152.88;106.6;104.39;4.12;176.18;4.04;418.78;21.61;3.98;22.36;206.28;392.85;274.89
4.13;155.04;107.38;105.37;4.12;175.1;4.04;418.65;21.61;3.98;22.38;206.83;392.59;274.89
4.12;153.136;107.5;105.32;4.11;175.86;4.03;418.74;21.64;3.98;22.39;207.13;392.82;275
4.12;152.16;107.47;105.08;4.11;174.89;4.03;418.09;21.66;3.97;22.4;206.48;392.04;274.68
4.11;149.984;107.24;104.85;4.1;175.24;4.02;418.39;21.55;3.97;22.27;206.23;392.75;274.71
4.12;148.512;107.68;104.87;4.12;174.19;4.03;418.11;21.63;3.98;22.39;206.49;391.87;274.84
4.11;145.824;107.64;105.04;4.11;174.57;4.02;416.18;21.53;3.97;22.29;205.4;390.01;273.91
4.13;144.672;107.39;104.71;4.13;175.03;4.05;416.11;21.49;3.99;22.31;205.05;389.8;274.06
4.13;144.384;107.39;104.43;4.12;175.51;4.04;416.4;21.52;3.99;22.33;205.18;390.39;274.19
4.13;146.608;107.81;105.35;4.12;174.87;4.04;416.16;21.34;3.99;22.16;206.15;390.49;274.15
4.11;146.128;107.48;104.93;4.11;174.83;4.02;415.91;21.45;3.97;22.21;205.38;390.11;273.86
4.1;144.72;105.73;103.21;4.1;175.9;4.02;415.49;21.23;3.96;21.98;204.58;390.65;273.52
4.1;144.8;106.9;104.18;4.09;174.97;4.01;415.35;21.28;3.96;22.02;205.54;390.26;273.63
4.1;145.296;107.4;104.79;4.1;174.9;4.02;415.49;21.3;3.97;22.04;205.88;390.53;273.72
4.11;143.68;106.77;104.67;4.1;176.03;4.02;417.3;21.3;3.97;22.03;205.24;390.65;274.52
4.1;144.992;106.15;104.68;4.09;175.52;4.01;417.57;21.21;3.96;21.91;204.97;391.03;274.75
4.1;146.416;106.4;105.02;4.1;175.16;4.02;417.84;21.41;3.96;22.12;205.55;390.66;274.83
4.11;146.896;106.33;104.71;4.1;175.69;4.02;417.82;21.31;3.97;22.03;204.82;390.81;274.82
4.12;147.296;105.81;104.16;4.11;176.03;4.03;418.09;21.4;3.98;22.14;204.43;390.56;274.91
4.12;147.872;105.39;103.43;4.12;177.16;4.03;418.33;21.56;3.98;22.31;204.21;390.33;274.92
4.13;148.688;105.84;104.09;4.12;176.92;4.04;418.24;21.47;3.99;22.25;204.19;390.3;275.03
4.13;150.864;106.58;104.06;4.12;174.53;4.04;416.84;21.47;3.99;22.28;204.82;390.56;274.38
4.14;150.944;106.81;104.2;4.13;175.27;4.05;416.53;21.47;4;22.29;204.83;390.04;274.19
4.13;150.4;107.42;104.78;4.13;175.35;4.04;416.36;21.51;3.99;22.32;205.61;390.01;274.18
4.13;148.416;107.21;104.72;4.13;174.75;4.04;416.26;21.4;3.99;22.21;204.96;390.1;274.09
4.13;147.472;106.7;103.97;4.12;174.96;4.04;416.21;21.4;3.99;22.21;204.69;390.03;274.05
4.13;145.984;106.6;103.52;4.12;174.7;4.04;416.42;21.47;3.99;22.29;204.75;390.23;274.08
4.13;144.608;106.82;103.93;4.13;175.97;4.05;416.16;21.38;4;22.2;204.46;390.05;274.11
4.13;144.992;106.96;104.02;4.12;176.23;4.04;416.14;21.36;3.99;22.16;205.14;390.5;274.07
4.12;143.168;106.92;103.89;4.12;175.38;4.04;415.71;21.29;3.99;22.09;204.53;390.24;273.91
4.13;143.648;106.94;103.92;4.12;175.77;4.04;415.67;21.31;3.99;22.12;205.01;390.03;273.97
4.13;144.384;107.49;104.49;4.13;175.11;4.05;416.06;21.31;4;22.12;205.35;390.55;274.22
4.13;145.264;107.79;105.17;4.12;175.48;4.04;415.73;21.31;3.99;22.13;205.51;390.21;274.05
4.11;144.8;107.02;104.06;4.11;175.82;4.03;414.69;21.26;3.98;22.04;205.28;389.27;273.58
4.14;145.456;107.64;105.26;4.13;175.26;4.05;415.66;21.27;4;22.11;205.76;389.78;274.17
4.14;145.616;107.45;105.12;4.13;175.93;4.05;418.21;21.27;4;22.07;206.01;392.05;274.98
4.16;145.536;108.17;105.14;4.15;175.41;4.07;426.2;22.36;4.01;23.11;207.85;397.68;278.15
4.15;143.2;107.28;104.06;4.15;176.64;4.06;426.39;22.35;4;23.08;207.26;397.98;278.01
4.17;146.352;108.05;104.88;4.16;175.66;4.07;426.45;22.46;4.01;23.21;207.09;397.54;278.18
4.16;125.664;107.82;104.7;4.15;176.4;4.06;426.63;22.5;4.01;23.23;207.1;397.4;278.19
4.15;145.6;107.41;104.37;4.14;176;4.06;423.7;22.22;4;22.97;206.88;395.05;276.93
4.13;144.416;105.22;104.04;4.12;176.84;4.05;421.46;21.22;3.99;21.95;205.8;395.63;276.06
4.13;147.056;107.3;105.02;4.12;175.63;4.04;418.89;21.33;3.99;22.1;206.53;392.6;275.32
4.13;147.536;106.96;104.73;4.13;175.2;4.05;416.77;21.49;3.99;22.29;205.06;389.85;274.38
4.14;144.784;106.88;104.45;4.13;175.18;4.05;416.85;21.32;4;22.14;205.37;390.34;274.54
4.13;143.04;106.42;103.83;4.13;175.68;4.05;416.78;21.38;4;22.18;204.14;389.99;274.37
4.13;143.6;106.67;103.93;4.13;176.4;4.05;416.91;21.41;4;22.21;204.88;390.55;274.55
4.14;145.248;107.52;105.35;4.13;176.03;4.05;416.42;21.34;4;22.17;205.97;390.34;274.56
4.14;143.52;107.07;104.59;4.14;176.22;4.06;416.24;21.38;4.01;22.23;204.94;389.59;274.39
4.14;142.512;106.61;104.05;4.13;175.77;4.05;417.01;21.36;4.01;22.18;204.5;390.49;274.59
4.14;143.104;106.96;104.44;4.13;175.6;4.05;416.59;21.32;4.01;22.15;205.42;390.26;274.54
4.14;141.296;106.56;103.91;4.13;176.37;4.05;416.54;21.35;4;22.17;204.45;390.12;274.43
4.14;142.368;106.61;103.85;4.13;176.39;4.05;416.41;21.31;4;22.13;204.42;389.96;274.32
4.13;143.344;106.81;104.01;4.12;174.78;4.04;415.97;21.32;4;22.13;204.99;390.05;274.21
4.13;143.68;107.11;104.35;4.13;176.03;4.05;416.28;21.32;4;22.13;205.04;389.76;274.4
4.13;144.384;106.7;103.82;4.12;175.14;4.04;416.13;21.27;4;22.08;204.48;389.95;274.27
4.12;146.176;107.26;104.44;4.12;176.91;4.04;416.64;21.25;3.99;22.03;205.05;390.66;274.47
4.12;144.944;107.45;104.87;4.11;176.48;4.03;416.14;21.2;3.99;21.98;205.56;390.84;274.44
4.12;145.296;107.2;104.76;4.11;176.52;4.03;415.89;21.18;3.99;21.96;205.82;390.55;274.41
4.12;145.344;106.86;104.68;4.12;176.6;4.04;416.01;21.16;3.99;21.94;205.22;390.48;274.34
4.12;144.4;106.25;103.83;4.11;176.1;4.03;415.89;21.07;3.98;21.85;204.75;390.64;274.17
4.1;137.952;102.53;105.1;4.09;178.13;4.02;420.61;20.54;3.97;21.18;201.64;388.54;277.25
4.09;131.472;100.68;105.26;4.08;182.18;4.01;422.06;19.95;3.97;20.54;199.28;385.15;279.35
4.09;131.072;100.33;105.08;4.08;181.47;4.01;421.38;19.9;3.96;20.48;198.81;384.31;278.88
4.08;131.456;100.14;104.67;4.07;180.53;4;421.97;19.94;3.96;20.5;198.7;385.17;278.96
4.08;132.288;99.23;104.04;4.07;181.5;4;425.38;19.95;3.95;20.47;199.65;388.78;280.75
4.07;136.24;100.65;105.38;4.06;181.54;3.99;424.83;20.07;3.95;20.58;200.01;387.91;280.48
4.08;138.72;100.21;105.09;4.07;180.67;4;425.4;20.15;3.95;20.67;200.26;388.34;280.82
4.07;139.792;99.64;104.35;4.06;181.14;3.99;425.15;20.36;3.94;20.86;199.31;387.46;280.25
4.08;140.752;99.66;104.62;4.07;181.52;4;425.15;20.3;3.95;20.82;199.49;387.7;280.45
4.09;141.28;100.07;105.03;4.09;181.82;4.01;423.14;20.37;3.96;20.96;198.78;384.69;279.27
4.09;140.544;99.99;104.85;4.08;182.12;4.01;423.28;20.37;3.96;20.95;198.45;384.92;279.37
4.09;141.088;100.1;104.95;4.08;181.49;4;423.16;20.46;3.95;21.03;198.53;384.86;279.25
4.1;139.68;100.12;105.06;4.09;181.79;4.02;422.62;20.34;3.97;20.97;198.41;384.02;279.07
4.1;137.952;100.18;105.13;4.1;182.23;4.02;422.78;20.3;3.97;20.91;198.7;384.68;279.28
4.11;137.424;100.33;105.25;4.1;181.44;4.03;423.06;20.38;3.98;21.01;198.97;384.76;279.53
4.1;136.288;99.99;104.73;4.1;181.17;4.02;422.43;20.18;3.98;20.79;198.51;384.78;279.22
4.1;136.288;100.12;104.32;4.1;181.57;4.02;421.27;20.23;3.97;20.87;198.64;384.34;278.55
4.1;142.912;102.51;104.76;4.1;178.13;4.03;414.26;20.17;3.98;20.91;200.75;384.04;274.91
4.1;155.232;109.37;104.16;4.1;172.5;4.02;397.01;20.09;3.98;21.1;206.57;381.53;268.01
4.09;142.848;102.67;104.52;4.09;176.2;4.01;416.11;20.16;3.97;20.85;199.18;385.16;276.33
4.08;135.152;98.79;104.02;4.08;183.63;4.01;426.7;20.11;3.95;20.63;196.76;385.49;282.11
4.08;139.504;98.14;104.59;4.08;182.98;4;426.7;20.04;3.94;20.55;197.39;385.82;282.24
4.08;141.472;96.88;103.84;4.07;183.02;4;426;20.01;3.93;20.52;197;384.98;281.6
4.07;140.864;96.67;103.7;4.06;181.71;3.99;426.48;19.93;3.92;20.4;197.56;385.93;281.79
4.07;139.696;97.63;104.41;4.06;181.8;3.99;426.26;20.14;3.92;20.61;197.34;385.18;281.62
4.07;138.96;97.28;103.74;4.06;182.33;3.99;426.16;20.11;3.93;20.58;197.04;385.18;281.57
4.07;140.464;97.68;104.12;4.06;181.23;3.99;426.73;20.18;3.93;20.65;197.3;385.45;281.83
4.07;140.496;97.64;104.11;4.06;182.14;3.99;426.69;20.17;3.93;20.63;197.1;385.54;281.77
4.07;140.88;97.67;104.05;4.06;182.13;3.99;426.51;20.17;3.93;20.65;197.08;385.43;281.65
4.07;141.36;98.46;104.65;4.07;182.9;3.99;426.95;20.27;3.93;20.74;197.3;385.37;282.05
4.07;140.528;97.62;103.61;4.07;182.61;3.99;427.15;20.16;3.93;20.63;196.65;386.29;282.11
4.07;141.92;97.72;104.04;4.06;182.61;3.99;426.72;20.19;3.93;20.66;197.32;385.29;281.91
4.06;143.024;98.16;104.46;4.06;181.48;3.98;426.64;20.25;3.92;20.71;197.43;385.37;281.72
4.05;141.424;97.61;103.71;4.04;181.17;3.97;426.73;20.31;3.91;20.74;197.19;385.48;281.72
4.05;141.056;98.22;104.33;4.05;181.86;3.97;426.48;20.3;3.91;20.74;197.71;385.38;281.6
4.05;140.304;98.2;104.41;4.05;181.68;3.97;425.83;20.3;3.91;20.75;197.43;384.29;281.24
4.06;141.856;98.66;105.26;4.05;181.92;3.97;426.52;20.3;3.91;20.74;198.08;385.32;281.81
4.06;145.872;99.9;105.43;4.05;179.76;3.98;420.69;20.29;3.91;20.83;199.72;383.64;278.31
4.05;148.96;100.53;104.9;4.05;176.2;3.97;415.91;20.25;3.91;20.85;200.13;383.14;274.61
4.05;148.24;100.42;104.14;4.04;177.38;3.97;416.66;20.29;3.91;20.86;200.56;384.42;274.97
4.05;148.176;100.12;104.13;4.05;177.6;3.97;415.78;20.28;3.91;20.88;200.12;383.27;274.5
4.07;150.816;103.98;104.32;4.07;175.87;3.99;418.85;21;3.93;21.62;204.59;389.22;275.49
4.1;153.344;105.55;104.79;4.09;174.17;4.01;420.49;21.42;3.94;22.07;205.76;392.85;275.52
4.15;164.048;114.09;104.89;4.14;166.21;4.05;420.07;23.06;3.98;23.89;213.14;400.24;273.95
4.16;163.424;115.36;103.79;4.15;164.7;4.05;419.83;23.69;3.98;24.56;212.09;402.61;272.4
4.14;166.256;115.91;104.72;4.13;163.64;4.04;418.34;23.74;3.96;24.58;213.64;401.34;271.87
4.14;165.056;115.47;104.06;4.14;164.59;4.04;418.85;23.7;3.96;24.54;212.71;401.93;272.04
4.16;166.608;115.84;104.46;4.15;164.46;4.06;418.85;23.78;3.98;24.66;212.75;401.3;272.17
4.16;167.456;115.07;103.09;4.15;166.38;4.06;420.43;23.59;3.98;24.45;213.48;403.6;272.87
4.17;166.88;116.55;105.22;4.16;164.12;4.06;420.11;23.66;3.99;24.55;213.93;403.08;272.92
4.16;164.4;116.78;104.53;4.15;164.93;4.05;419.81;23.74;3.98;24.59;213.71;402.82;272.55
4.15;164.4;115.9;104.36;4.14;163.5;4.05;420.47;23.77;3.97;24.61;213.73;403.49;272.66
4.17;159.952;116.04;104.17;4.16;164.93;4.07;420.36;23.61;4;24.5;213.29;403.48;272.91
4.18;160.208;117.17;104.93;4.17;164.24;4.07;419.83;23.72;4.01;24.63;214.08;402.7;272.9
4.17;156.928;116.33;103.83;4.16;165.04;4.06;420.42;23.67;4;24.55;212.67;403.45;272.9
4.17;157.2;116.67;104.03;4.16;165.24;4.06;420.21;23.78;4;24.66;213.45;403.27;272.82
4.17;158.24;116.55;104.12;4.16;164.44;4.06;420.15;23.76;4;24.64;213.19;403.27;272.8
4.17;158.16;116.49;104.19;4.16;165.54;4.07;420.63;23.72;4;24.61;212.92;403.62;272.99
4.17;157.904;116.07;103.39;4.16;165.43;4.06;420.56;23.79;4;24.66;213.2;403.69;272.87
4.18;158.304;116.08;103.56;4.17;165.75;4.07;420.88;23.77;4.01;24.67;213.11;403.78;273.11
4.18;158.832;116.36;104.2;4.17;165.78;4.08;420.71;23.69;4.01;24.6;212.96;403.52;273.06
4.17;157.52;116.09;103.47;4.17;166.18;4.07;420.48;23.74;4;24.64;213.19;403.29;272.91
4.17;155.52;116.05;103.51;4.16;166.13;4.07;420.13;23.73;4;24.62;212.62;403.15;272.75
4.16;154.784;116.19;103.48;4.15;165.91;4.05;420.16;23.69;3.99;24.56;213.09;403.38;272.71
4.17;156.464;116.45;104.01;4.16;164.77;4.07;420.48;23.74;4;24.63;213.38;403.47;273.01
4.17;155.344;116.16;103.75;4.16;164.94;4.07;420.52;23.62;4;24.51;212.76;403.83;272.97
4.16;154.768;116.04;103.19;4.15;166.34;4.06;419.47;23.69;3.99;24.56;212.52;402.79;272.52
4.17;156.096;116.09;103.52;4.17;166.25;4.07;420.54;23.66;4.01;24.55;212.91;403.68;273
4.17;159.12;117.23;105.2;4.16;164.78;4.07;421.92;23.72;4;24.59;214.97;405.04;273.71
4.15;158.8;117.93;103.63;4.14;163.77;4.05;418.89;23.74;3.98;24.59;214.51;404.37;272.23
4.18;161.424;120.58;104.19;4.17;162.04;4.07;420.66;24.21;4.01;25.13;215.32;406.52;272.53
4.2;158.032;118.51;104.81;4.19;163.61;4.09;428.48;24.84;4.02;25.68;214.84;408.36;276.21
4.19;155.152;116.9;103.91;4.19;165.44;4.08;429.94;24.78;4.01;25.58;213.76;408.52;276.96
4.19;152.736;117.09;103.89;4.18;165.51;4.07;429.85;24.72;4.01;25.5;213.34;408.53;277.08
4.2;163.584;130.37;104.93;4.19;156.64;4.09;422.44;25.28;4.02;26.24;219.26;411.79;272.86
4.19;163.04;132.83;104.32;4.18;154.84;4.07;423.04;25.76;3.99;26.68;219.88;413.59;272.47
4.21;161.456;131.77;103.88;4.2;156.64;4.09;423.17;25.7;4.02;26.7;218.79;413.78;272.45
4.21;162.384;130.9;103.63;4.2;156.24;4.09;423.87;25.75;4.02;26.73;219.17;414.12;272.72
4.2;162.272;131.56;104.33;4.19;157.07;4.08;424.11;25.81;4;26.74;219.03;413.8;272.88
4.21;165.968;133.39;104.7;4.2;154.46;4.08;423.17;25.93;4.01;26.91;219.57;413.59;272.41
4.21;165.52;132.78;104.45;4.2;156.85;4.09;423.09;25.95;4.01;26.95;219.08;412.71;272.38
4.22;167.792;133.48;105.08;4.21;155.06;4.1;422.97;25.92;4.03;26.96;219.6;413.16;272.4
4.21;166.112;134.07;104.12;4.21;155.02;4.09;421.73;25.85;4.02;26.88;219.04;412.89;271.7
4.22;168.336;136.06;104.56;4.21;155.08;4.09;421.32;25.96;4.02;27.01;220.14;413.21;271.56
4.21;167.2;134.02;104.61;4.21;154.25;4.09;421.82;25.9;4.02;26.93;218.83;412.9;271.66
4.22;166.528;132.95;104.61;4.21;155.31;4.1;422.8;25.88;4.02;26.91;219.82;413.18;272.45
4.22;165.424;132.94;104.61;4.22;156.17;4.1;422.51;25.85;4.03;26.9;218.71;412.74;272.16
4.21;165.056;132.59;104.09;4.2;155.54;4.09;423.03;25.88;4.02;26.89;218.98;413.54;272.24
4.21;165.136;134.85;104.72;4.2;155.88;4.09;421.68;25.85;4.02;26.87;219.66;412.86;271.88
4.22;166.368;136.1;105.34;4.21;154.09;4.1;420.99;25.82;4.02;26.88;219.79;413.02;271.47
4.22;163.872;135.98;104.81;4.21;155.22;4.1;420.88;25.8;4.02;26.86;219.94;413;271.47
4.21;162.88;135.66;104.78;4.2;154.75;4.09;420.84;25.74;4.02;26.77;219.82;413.46;271.41
4.2;161.152;135.37;104.62;4.19;154.75;4.08;420.09;25.68;4;26.69;219.56;412.74;270.99
4.21;163.008;134.07;104.28;4.2;154.37;4.09;420.21;25.62;4.01;26.66;219.78;413.2;271.2
4.2;164.32;133.39;104.01;4.19;154.86;4.08;419.76;25.45;4;26.47;219.66;413;270.87
4.19;166.24;134.93;104.48;4.18;154.19;4.07;419.89;25.52;4;26.5;219.63;413.35;270.89
4.18;166.432;135.36;104.3;4.17;154.83;4.06;419.99;25.65;3.98;26.59;220.21;413.09;270.77
4.19;167.808;133.83;104.63;4.18;153.96;4.07;420.32;25.55;3.99;26.53;219.56;413.33;270.84
4.2;167.616;135.37;104.19;4.19;154.91;4.08;420.5;25.79;4;26.79;219.82;412.9;271
4.19;169.264;134.23;103.91;4.19;155.63;4.07;420.45;25.67;3.99;26.66;219.3;413.4;270.92
4.2;168.864;133.16;103.62;4.19;154.86;4.08;420.39;25.73;3.99;26.74;219.12;412.66;270.76
4.21;170.288;134;103.77;4.2;156.25;4.09;420.53;25.73;4.01;26.77;219.39;412.63;271.07
4.2;174.224;134.51;103.73;4.19;156.15;4.08;420.59;25.65;4;26.67;219.03;413;270.89
4.21;178.72;135.36;104.39;4.2;155.53;4.09;420.56;25.76;4.01;26.81;219.39;412.07;270.99
4.2;181.552;136.36;105.12;4.19;154.11;4.08;420.46;25.81;4;26.83;220.31;411.86;270.9
4.18;178.848;134.82;103.96;4.17;153.62;4.06;420.57;25.76;3.98;26.71;219.04;412.8;270.64
4.2;177.728;135.15;104.07;4.19;154.8;4.08;420;25.76;3.99;26.77;219.46;411.8;270.58
4.21;178.032;135.76;105.13;4.2;154.54;4.09;420.41;25.72;4.01;26.76;220.36;412.09;271.09
4.19;176.16;133.94;103.19;4.18;155.72;4.07;420.25;25.69;3.99;26.68;218.66;412.65;270.54
4.2;173.968;134.67;103.51;4.19;155.78;4.08;420.41;25.7;4;26.71;219.23;412.51;270.74
4.21;175.648;136.78;105.93;4.2;154.15;4.09;420.32;25.74;4.01;26.78;220.82;411.81;271.09
4.2;173.44;136.09;105.44;4.19;153.96;4.08;420.47;25.73;4;26.73;219.54;412.03;270.92
4.2;170.784;134.92;103.54;4.19;155.48;4.08;420.22;25.71;4;26.72;219.36;412.35;270.77
4.21;169.92;135.73;104.96;4.2;154.95;4.09;419.86;25.68;4.01;26.72;219.86;411.66;270.93
4.21;168.176;134.85;104.4;4.2;154.88;4.09;420.15;25.62;4.01;26.65;219.4;412.46;271.03
4.21;167.872;134.14;103.47;4.2;156.57;4.09;419.83;25.56;4.01;26.6;218.89;412.6;270.76
4.2;169.104;134.66;103.43;4.2;154.6;4.09;419.7;25.64;4.01;26.67;219.55;412.11;270.84
4.21;169.2;134.75;104.37;4.2;154.9;4.09;419.79;25.57;4.02;26.64;219.31;412.27;270.94
4.21;167.072;133.82;103.46;4.2;155.94;4.09;419.22;25.38;4.02;26.45;219.04;412.17;270.71
4.2;165.248;133.63;104.41;4.19;155.8;4.08;419.79;25.39;4.01;26.42;219.93;411.9;271.03
4.18;165.04;132.93;104.14;4.18;155.37;4.07;420.31;25.5;3.99;26.45;219.39;412.76;271.04
4.18;164.4;132.79;103.21;4.17;155.61;4.06;419.43;25.37;3.99;26.32;219;412.52;270.63
4.19;166.928;133.43;104.07;4.18;154.83;4.07;419.88;25.45;3.99;26.43;220;412.06;271.07
4.19;167.456;133.41;104.6;4.18;154.6;4.07;420.32;25.57;3.99;26.55;218.93;411.98;271.01
4.19;167.712;133.02;103.67;4.18;155.99;4.07;420.64;25.59;3.99;26.57;219.25;412.3;271.16
4.21;171.904;134.09;105.12;4.2;154.94;4.09;420.67;25.69;4.01;26.71;219.61;411.54;271.3
4.21;171.696;133.58;104.56;4.2;156.51;4.09;421.15;25.65;4.01;26.66;219.16;412.14;271.34
4.21;172.032;133.74;104.32;4.2;155.83;4.09;420.52;25.68;4.01;26.71;219.5;411.43;271.17
4.21;178.416;133.28;104.13;4.2;156.04;4.09;420.78;25.61;4.01;26.64;219.55;412.08;271.18
4.21;178.896;132.37;103.43;4.2;156.86;4.09;420.72;25.52;4.01;26.56;218.76;412.1;271.05
4.22;180.4;133.23;104.1;4.21;155.44;4.1;420.89;25.59;4.02;26.65;219.55;411.75;271.2
4.2;178.432;131.71;102.88;4.19;156.17;4.08;420.5;25.39;4;26.4;219.22;412.77;270.9
4.2;177.616;132.86;104.17;4.19;155.25;4.09;420.39;25.4;4;26.43;219.37;412.21;270.91
4.19;177.248;133.53;104.35;4.18;155.62;4.08;420.03;25.45;3.99;26.44;219.56;411.73;270.82
4.2;177.04;133.46;103.88;4.19;155.75;4.08;419.83;25.52;4;26.53;219.48;411.17;270.78
4.19;178.848;134.22;105.15;4.18;153.75;4.07;420.42;25.51;3.99;26.49;220.21;412.12;271.03
4.2;178.592;133.17;104.15;4.19;155.67;4.08;420.37;25.44;3.99;26.43;219.27;412.1;270.89
4.2;181.168;134.36;104.82;4.19;154.87;4.08;420.45;25.59;4;26.59;219.81;411.54;271.04
4.2;180.56;133.5;104.56;4.19;155.12;4.08;420.4;25.46;4;26.46;219.67;412.03;270.98
4.19;180.848;133.35;104.34;4.18;154.88;4.07;420.51;25.48;3.99;26.46;219.46;412.44;270.93
4.2;181.312;134.17;104.96;4.19;154.81;4.08;420.22;25.47;4;26.47;219.87;411.68;270.97
4.2;183.136;134.13;105.09;4.19;154.01;4.08;420.53;25.5;3.99;26.49;220.02;412.01;271.03
4.19;181.456;133.73;104.49;4.18;155.05;4.07;420.25;25.4;3.99;26.37;219.4;412.06;270.73
4.18;182.128;134.3;104.43;4.17;154.3;4.06;420.6;25.54;3.98;26.49;219.96;412.24;270.83
4.17;183.184;135.66;105.98;4.16;154.36;4.05;420.14;25.5;3.97;26.42;220.29;411.55;270.73
4.18;184.496;135.03;105.23;4.17;152.88;4.06;420.88;25.61;3.97;26.54;220.19;412.24;271.03
4.19;183.184;134.21;103.55;4.18;154.31;4.07;421.2;25.61;3.98;26.57;218.54;412.03;271
4.18;186.016;135.52;105.34;4.18;153.14;4.06;421;25.69;3.98;26.64;220.2;411.76;271.11
4.19;185.472;134.05;104.84;4.18;154.2;4.08;421.14;25.6;3.99;26.58;219.02;411.97;271.08
4.2;182.8;130.56;104.03;4.19;155.43;4.08;422.73;25.67;4;26.64;219.17;412.29;271.9
4.19;174.96;120.63;104.87;4.19;162.17;4.07;427.78;25.46;3.99;26.3;215.46;408.65;274.92
